id,web_name,team,value,minutes,goals_scored,assists,clean_sheets,bonus,form,threat,influence,creativity,xG,xA,selected_by_percent,points_per_game,total_points,FDR,next_gameweek_points
1,Fábio Vieira,1,54,0,0,0,0,0,0.0,0.0,0.0,0.0,0.00,0.00,0.0,0.0,0,4,0.0
2,G.Jesus,1,66,600,3,2,2,6,0.0,255.0,154.4,119.5,3.05,0.52,1.2,2.5,42,1,2.5
3,Gabriel,1,63,1898,3,2,7,8,2.8,272.0,496.4,170.8,2.56,1.03,28.1,4.3,94,4,4.3
4,Havertz,1,78,1839,9,3,7,14,5.5,701.0,467.2,257.0,9.39,1.63,7.6,4.6,96,1,4.6
5,Hein,1,40,0,0,0,0,0,0.0,0.0,0.0,0.0,0.00,0.00,0.0,0.0,0,2,0.0
6,J.Timber,1,56,1755,1,1,7,5,2.2,187.0,276.2,221.9,0.75,1.01,4.4,3.5,73,1,3.5
7,Jorginho,1,47,456,0,0,1,0,0.0,3.0,35.8,64.7,0.04,0.47,0.2,1.3,13,3,1.3
8,Kiwior,1,48,323,0,0,1,0,0.0,0.0,49.2,13.7,0.00,0.03,0.2,1.6,13,1,1.6
9,Martinelli,1,67,1452,6,3,7,6,4.0,570.0,389.4,356.9,4.04,2.96,3.0,4.0,89,1,4.0
12,Nwaneri,1,45,281,3,0,0,1,1.8,80.0,136.8,82.3,0.56,0.43,0.9,2.1,30,3,2.1
13,Ødegaard,1,82,1281,2,3,6,6,4.0,277.0,278.6,497.7,3.12,3.33,4.9,3.8,60,4,3.8
15,Raya,1,55,2160,0,0,8,8,3.8,0.0,502.6,0.0,0.00,0.01,25.8,3.9,93,1,3.9
16,Rice,1,62,1739,1,5,6,8,4.2,198.0,418.6,620.2,1.47,4.03,2.7,3.1,69,3,3.1
17,Saka,1,102,1268,5,11,6,16,0.0,604.0,516.2,630.0,4.17,5.60,8.9,6.7,107,4,6.7
18,Saliba,1,62,1919,2,0,8,9,3.2,89.0,425.4,79.8,1.88,0.80,21.8,4.0,87,1,4.0
20,Thomas,1,49,1851,3,3,5,6,3.8,136.0,436.6,255.9,1.53,1.59,0.8,3.3,76,1,3.3
21,Tierney,1,43,16,0,0,0,0,0.5,2.0,2.2,11.0,0.00,0.23,0.0,1.0,2,4,1.0
22,Tomiyasu,1,48,6,0,0,0,0,0.0,9.0,0.4,0.3,0.18,0.00,0.0,1.0,1,3,1.0
23,Trossard,1,68,1451,4,5,6,10,6.0,402.0,361.6,363.9,3.23,2.46,2.6,3.5,85,2,3.5
24,White,1,61,694,0,1,3,0,0.0,29.0,128.4,55.3,0.13,0.32,2.1,3.0,27,1,3.0
25,Zinchenko,1,48,238,0,0,2,0,0.2,23.0,22.2,26.5,0.06,0.08,0.9,2.1,17,1,2.1
73,Neto,1,41,180,0,0,0,0,0.0,0.0,77.8,0.0,0.00,0.00,0.8,3.5,7,4,3.5
186,Sterling,1,67,213,0,1,0,0,0.8,79.0,35.8,47.4,0.88,0.15,0.8,1.3,12,2,1.3
578,Calafiori,1,58,750,2,1,1,1,2.0,142.0,233.0,85.2,0.67,0.56,1.3,2.6,34,3,2.6
597,Lewis-Skelly,1,45,549,1,0,2,0,2.0,29.0,103.6,67.1,0.04,0.21,0.3,1.7,17,1,1.7
633,Merino,1,60,759,2,1,2,2,1.0,225.0,203.6,133.3,2.24,0.70,0.1,2.4,39,1,2.4
638,Oulad M'hand,1,45,0,0,0,0,0,0.0,0.0,0.0,0.0,0.00,0.00,0.0,0.0,0,1,0.0
639,Setford,1,45,0,0,0,0,0,0.0,0.0,0.0,0.0,0.00,0.00,0.1,0.0,0,3,0.0
657,Kacurri,1,40,0,0,0,0,0,0.0,0.0,0.0,0.0,0.00,0.00,0.1,0.0,0,4,0.0
659,Kabia,1,45,0,0,0,0,0,0.0,0.0,0.0,0.0,0.00,0.00,0.0,0.0,0,2,0.0
662,Nichols,1,40,0,0,0,0,0,0.0,0.0,0.0,0.0,0.00,0.00,0.0,0.0,0,4,0.0
665,Butler-Oyedeji,1,45,0,0,0,0,0,0.0,0.0,0.0,0.0,0.00,0.00,0.2,0.0,0,3,0.0
735,Arteta,1,15,0,0,0,0,0,10.0,0.0,0.0,0.0,0.00,0.00,4.1,0.0,20,1,0.0
756,Porter,1,40,0,0,0,0,0,0.0,0.0,0.0,0.0,0.00,0.00,0.0,0.0,0,4,0.0
28,Bailey,2,62,1028,1,2,2,2,1.2,268.0,136.6,231.6,1.45,2.87,0.8,2.2,44,3,2.2
29,Barkley,2,52,544,3,1,1,5,0.0,185.0,203.4,115.5,1.68,0.41,0.2,2.5,40,1,2.5
30,Barrenechea,2,49,0,0,0,0,0,0.0,0.0,0.0,0.0,0.00,0.00,0.0,0.0,0,3,0.0
31,Buendia,2,51,89,0,0,0,0,0.5,16.0,16.4,23.2,0.65,0.03,0.1,0.9,11,1,0.9
32,Cash,2,44,1258,1,1,2,1,3.0,98.0,233.4,120.0,0.22,0.96,1.1,2.4,38,1,2.4
33,Dendoncker,2,45,0,0,0,0,0,0.0,0.0,0.0,0.0,0.00,0.00,0.2,0.0,0,4,0.0
34,Diaby,2,65,0,0,0,0,0,0.0,0.0,0.0,0.0,0.00,0.00,0.0,0.0,0,4,0.0
35,Diego Carlos,2,45,828,0,0,2,1,0.0,54.0,150.6,9.2,0.64,0.08,0.3,2.1,21,4,2.1
36,Digne,2,46,1770,0,4,3,6,3.2,103.0,396.2,467.3,0.77,2.97,7.6,2.6,63,2,2.6
37,Dobbin,2,50,0,0,0,0,0,0.0,0.0,0.0,0.0,0.00,0.00,0.0,0.0,0,3,0.0
38,Duran,2,57,622,7,0,2,9,0.5,334.0,273.8,68.9,5.11,0.24,2.0,2.6,53,4,2.6
39,Gauci,2,40,0,0,0,0,0,0.0,0.0,0.0,0.0,0.00,0.00,0.6,0.0,0,1,0.0
40,Hause,2,39,0,0,0,0,0,0.0,0.0,0.0,0.0,0.00,0.00,0.6,0.0,0,1,0.0
41,Iling Jr,2,54,0,0,0,0,0,0.0,0.0,0.0,0.0,0.00,0.00,0.0,0.0,0,4,0.0
42,Kamara,2,50,1033,0,0,2,1,2.2,34.0,203.8,106.2,0.27,0.31,0.0,1.9,28,3,1.9
43,Kesler-Hayden,2,40,0,0,0,0,0,0.0,0.0,0.0,0.0,0.00,0.00,0.0,0.0,0,1,0.0
44,Konsa,2,44,1901,1,0,2,5,3.0,81.0,331.4,81.6,0.59,0.41,6.5,2.3,50,3,2.3
45,Maatsen,2,45,445,0,1,0,0,0.5,92.0,110.2,190.6,0.17,1.43,1.2,1.1,19,1,1.1
46,Marschall,2,40,0,0,0,0,0,0.0,0.0,0.0,0.0,0.00,0.00,0.0,0.0,0,4,0.0
47,Martinez,2,50,2115,0,0,3,2,3.0,0.0,533.4,0.0,0.00,0.01,11.8,2.7,65,2,2.7
48,McGinn,2,52,1360,0,3,3,1,0.5,159.0,138.0,336.2,1.89,1.96,0.7,2.2,44,3,2.2
49,Mings,2,44,467,0,0,1,3,2.8,20.0,104.2,26.7,0.21,0.06,0.1,2.7,16,1,2.7
50,Nedeljkovic,2,39,121,0,0,0,0,0.2,0.0,22.8,7.2,0.00,0.02,0.7,1.0,5,2,1.0
51,Olsen,2,45,45,0,0,0,0,0.0,0.0,17.6,0.0,0.00,0.00,0.1,1.0,1,2,1.0
52,Pau,2,42,1549,0,0,2,0,0.0,94.0,261.2,55.5,0.51,0.34,0.7,1.8,32,4,1.8
53,Ramsey,2,54,998,1,2,1,3,4.0,158.0,165.2,170.0,1.19,1.54,0.4,2.6,41,2,2.6
54,Rogers,2,56,1900,6,5,4,11,2.2,404.0,421.0,428.4,3.67,3.05,26.0,4.2,97,1,4.2
55,Sinisalo,2,40,0,0,0,0,0,0.0,0.0,0.0,0.0,0.00,0.00,0.0,0.0,0,2,0.0
56,Sousa,2,40,0,0,0,0,0,0.0,0.0,0.0,0.0,0.00,0.00,0.1,0.0,0,2,0.0
57,Tielemans,2,55,2041,1,4,3,6,3.5,152.0,471.6,694.8,2.19,4.33,1.1,2.8,66,4,2.8
58,Watkins,2,89,1639,10,5,6,18,5.5,784.0,487.0,257.9,11.24,1.39,17.1,4.8,116,3,4.8
167,Disasi,2,42,363,1,0,2,0,0.2,36.0,86.4,34.1,0.29,0.09,0.4,3.7,22,4,3.7
233,Onana,2,48,1078,2,0,2,5,1.0,180.0,229.2,107.2,1.85,0.25,2.3,2.4,41,1,2.4
385,Rashford,2,66,975,4,1,5,3,0.0,194.0,238.8,254.7,1.60,1.36,3.2,3.6,54,3,3.6
598,Bogarde,2,40,348,0,0,0,0,0.5,11.0,55.6,31.4,0.04,0.12,0.3,0.8,4,4,0.8
640,Swinkels,2,40,0,0,0,0,0,0.0,0.0,0.0,0.0,0.00,0.00,0.1,0.0,0,3,0.0
641,Zych,2,40,0,0,0,0,0,0.0,0.0,0.0,0.0,0.00,0.00,0.6,0.0,0,2,0.0
656,Young,2,45,0,0,0,0,0,0.0,0.0,0.0,0.0,0.00,0.00,0.2,0.0,0,3,0.0
679,Broggio,2,45,0,0,0,0,0,0.0,0.0,0.0,0.0,0.00,0.00,0.0,0.0,0,4,0.0
710,Jimoh,2,45,0,0,0,0,0,0.0,0.0,0.0,0.0,0.00,0.00,0.0,0.0,0,2,0.0
725,Malen,2,55,70,0,0,0,0,0.7,37.0,12.4,3.0,0.23,0.01,0.1,1.0,2,2,1.0
731,A. Garcia,2,45,45,0,0,0,0,0.5,0.0,1.4,2.0,0.00,0.01,0.0,1.0,1,1,1.0
737,Emery,2,8,0,0,0,0,0,2.0,0.0,0.0,0.0,0.00,0.00,13.1,0.0,4,1,0.0
762,M.Asensio,2,60,0,0,0,0,0,0.0,0.0,0.0,0.0,0.00,0.00,0.2,0.0,0,1,0.0
59,Aarons,3,43,84,0,0,1,0,0.0,0.0,13.2,3.2,0.00,0.01,0.1,2.7,8,2,2.7
60,Adams,3,49,861,0,3,3,1,4.5,41.0,221.0,108.9,0.79,0.22,0.1,2.3,32,3,2.3
61,Anthony,3,45,0,0,0,0,0,0.0,0.0,0.0,0.0,0.00,0.00,0.1,0.0,0,1,0.0
62,Brooks,3,49,561,2,1,1,2,2.2,202.0,145.6,186.3,1.63,1.40,0.0,2.1,36,4,2.1
63,Christie,3,49,1750,1,2,8,2,2.2,211.0,390.6,438.1,1.68,2.22,0.2,2.4,56,2,2.4
64,Cook,3,50,1941,1,3,4,2,2.0,78.0,415.0,541.9,0.60,2.79,0.2,2.6,59,4,2.6
65,Enes Ünal,3,54,330,2,1,2,4,0.0,207.0,104.0,56.1,2.73,0.26,0.1,1.9,32,3,1.9
66,Faivre,3,50,0,0,0,0,0,0.0,0.0,0.0,0.0,0.00,0.00,0.0,0.0,0,3,0.0
67,H.Traorè,3,45,0,0,0,0,0,0.0,0.0,0.0,0.0,0.00,0.00,0.0,0.0,0,3,0.0
68,Hill,3,39,176,0,1,1,0,0.2,1.0,36.8,23.7,0.01,0.19,0.6,2.6,13,3,2.6
69,Jebbison,3,45,53,0,0,0,0,0.8,32.0,14.6,33.9,0.21,0.12,1.1,0.8,5,3,0.8
70,Kerkez,3,50,2087,2,3,6,8,3.8,133.0,450.8,372.5,0.44,1.75,12.4,3.8,90,4,3.8
71,Kluivert,3,59,1528,11,4,10,11,11.2,607.0,561.2,374.0,8.74,1.84,21.0,5.3,123,1,5.3
72,Mepham,3,44,0,0,0,0,0,0.0,0.0,0.0,0.0,0.00,0.00,0.0,0.0,0,3,0.0
74,O.Dango,3,51,1235,6,4,5,7,7.2,484.0,479.8,295.8,5.87,2.28,1.8,4.1,86,2,4.1
75,Paulsen,3,40,0,0,0,0,0,0.0,0.0,0.0,0.0,0.00,0.00,0.0,0.0,0,1,0.0
76,Philip,3,48,176,0,0,0,0,0.0,47.0,54.0,102.4,0.55,0.97,0.0,1.0,10,1,1.0
77,Scott,3,47,258,0,0,1,0,0.0,21.0,71.0,65.5,0.12,0.17,0.0,1.4,11,3,1.4
78,Semenyo,3,57,2016,7,4,7,7,7.0,869.0,510.2,412.0,7.02,3.17,7.7,4.4,102,2,4.4
79,Senesi,3,46,917,0,0,1,3,0.0,29.0,221.0,78.7,0.81,0.44,0.3,1.9,21,4,1.9
80,Sinisterra,3,48,203,1,1,0,2,0.0,177.0,98.4,96.3,1.09,0.91,0.1,2.4,19,1,2.4
81,Smith,3,44,1032,0,0,3,0,0.0,8.0,116.2,62.2,0.60,0.10,0.1,2.0,34,4,2.0
83,Tavernier,3,54,1172,1,6,3,2,2.0,285.0,283.4,452.2,4.38,2.18,0.2,3.3,56,4,3.3
84,Travers,3,44,450,0,0,1,1,0.8,0.0,146.4,0.0,0.00,0.01,0.1,3.8,19,2,3.8
85,Zabarnyi,3,44,2160,0,0,6,3,2.2,44.0,457.8,133.5,0.81,0.40,0.6,2.7,64,1,2.7
152,Arrizabalaga,3,45,1530,0,0,5,4,3.0,0.0,465.4,10.1,0.00,0.00,2.4,3.8,64,2,3.8
580,Huijsen,3,44,1240,2,0,5,11,2.0,123.0,432.6,132.9,1.41,0.82,4.3,3.6,65,2,3.6
592,J.Araujo,3,43,352,0,0,0,0,0.0,2.0,40.0,7.9,0.00,0.04,0.1,1.0,8,1,1.0
599,Dennis,3,40,0,0,0,0,0,0.0,0.0,0.0,0.0,0.00,0.00,0.3,0.0,0,1,0.0
617,Evanilson,3,56,1368,5,4,8,12,0.0,573.0,243.6,202.1,6.46,1.30,0.6,4.1,78,4,4.1
680,Kinsey,3,40,0,0,0,0,0,0.0,0.0,0.0,0.0,0.00,0.00,0.0,0.0,0,1,0.0
687,Winterburn,3,45,9,0,0,0,0,0.2,0.0,0.2,0.0,0.00,0.00,0.0,1.0,2,1,1.0
702,Harris,3,40,0,0,0,0,0,0.0,0.0,0.0,0.0,0.00,0.00,0.0,0.0,0,4,0.0
707,Rees-Dottin,3,45,1,0,0,0,0,0.2,0.0,0.0,0.0,0.00,0.00,0.1,1.0,1,1,1.0
712,Akinmboni,3,40,0,0,0,0,0,0.0,0.0,0.0,0.0,0.00,0.00,0.0,0.0,0,4,0.0
713,Soler,3,40,0,0,0,0,0,0.0,0.0,0.0,0.0,0.00,0.00,0.0,0.0,0,4,0.0
722,Adu-Adjei,3,45,0,0,0,0,0,0.0,0.0,0.0,0.0,0.00,0.00,0.0,0.0,0,4,0.0
723,Sadi,3,45,0,0,0,0,0,0.0,0.0,0.0,0.0,0.00,0.00,0.0,0.0,0,4,0.0
727,McKenna,3,40,0,0,0,0,0,0.0,0.0,0.0,0.0,0.00,0.00,0.0,0.0,0,4,0.0
728,Silcott-Duberry,3,45,1,0,0,0,0,0.3,0.0,2.0,1.0,0.00,0.00,0.0,1.0,1,1,1.0
738,Iraola,3,11,0,0,0,0,0,6.5,0.0,0.0,0.0,0.00,0.00,7.0,0.0,13,3,0.0
86,Ajer,4,44,792,0,0,0,0,0.5,95.0,103.2,69.6,0.57,0.32,0.2,1.0,11,4,1.0
87,Brierley,4,44,0,0,0,0,0,0.0,0.0,0.0,0.0,0.00,0.00,0.1,0.0,0,3,0.0
88,Collins,4,45,2160,2,5,3,3,2.5,233.0,656.8,114.5,2.12,1.18,2.1,3.0,72,4,3.0
89,Damsgaard,4,50,1792,2,7,6,9,3.8,242.0,526.4,639.4,2.10,3.95,1.4,3.8,90,4,3.8
90,Dasilva,4,48,0,0,0,0,0,0.0,0.0,0.0,0.0,0.00,0.00,0.0,0.0,0,3,0.0
91,Flekken,4,44,2015,0,1,2,2,2.2,0.0,865.0,10.1,0.00,0.07,8.7,3.0,70,2,3.0
92,Henry,4,43,3,0,0,0,0,0.2,0.0,1.0,0.3,0.00,0.00,0.0,1.0,1,3,1.0
93,Hickey,4,43,0,0,0,0,0,0.0,0.0,0.0,0.0,0.00,0.00,0.0,0.0,0,2,0.0
94,Janelt,4,49,1717,1,3,4,2,1.5,108.0,303.2,247.9,0.65,2.11,0.2,2.5,58,3,2.5
95,Jensen,4,53,698,0,1,2,1,1.2,28.0,101.8,192.0,0.23,1.13,0.1,1.9,26,3,1.9
96,Ji-soo,4,39,27,0,0,0,0,0.0,0.0,4.8,0.8,0.00,0.00,0.4,1.0,2,1,1.0
97,Konak,4,44,19,0,0,0,0,0.0,3.0,1.4,1.6,0.15,0.00,0.1,1.0,5,4,1.0
98,Lewis-Potter,4,50,1917,1,4,4,0,2.5,300.0,345.8,254.0,2.17,3.15,0.1,2.6,63,2,2.6
99,Mbeumo,4,79,2155,14,3,4,20,3.2,652.0,815.8,702.1,8.14,5.48,35.2,6.2,149,1,6.2
100,Mee,4,42,175,0,0,1,0,0.2,6.0,36.8,3.0,0.00,0.02,0.3,1.3,8,2,1.3
101,Nørgaard,4,48,1695,2,2,2,1,3.0,190.0,408.0,191.4,2.34,0.53,0.2,2.5,52,3,2.5
102,Onyeka,4,49,23,0,0,0,0,0.0,0.0,0.0,0.5,0.00,0.02,0.0,1.0,2,2,1.0
103,Peart-Harris,4,45,0,0,0,0,0,0.0,0.0,0.0,0.0,0.00,0.00,0.0,0.0,0,2,0.0
104,Pinnock,4,44,1440,2,0,1,0,0.0,185.0,438.6,97.7,0.87,0.63,0.3,2.1,33,4,2.1
105,Roerslev,4,43,1100,0,2,2,0,1.5,78.0,214.4,185.8,0.20,2.09,0.1,1.9,36,1,1.9
106,Schade,4,51,1153,6,4,4,6,3.8,415.0,338.8,143.7,4.63,0.95,0.6,3.5,85,3,3.5
107,Thiago,4,59,129,0,0,0,0,0.0,6.0,10.8,27.9,0.10,0.02,0.0,1.2,5,1,1.2
108,Toney,4,73,0,0,0,0,0,0.0,0.0,0.0,0.0,0.00,0.00,1.1,0.0,0,1,0.0
109,Valdimarsson,4,39,144,0,0,0,0,0.2,0.0,21.4,0.1,0.00,0.00,4.2,1.0,2,4,1.0
110,Wissa,4,63,1661,10,3,4,16,3.0,621.0,469.6,226.7,11.09,1.22,11.2,4.9,103,2,4.9
111,Yarmoliuk,4,44,613,0,0,0,0,1.0,46.0,133.0,89.8,0.54,0.35,2.7,1.2,22,1,1.2
112,Zanka,4,45,0,0,0,0,0,0.0,0.0,0.0,0.0,0.00,0.00,0.0,0.0,0,4,0.0
314,Carvalho,4,46,424,1,1,0,1,0.2,137.0,106.8,61.1,2.40,0.52,0.5,1.6,28,1,1.6
338,Van den Berg,4,41,1697,0,1,2,1,1.2,136.0,384.4,76.4,0.80,0.44,2.7,1.8,36,1,1.8
602,Trevitt,4,44,3,0,0,0,0,0.0,0.0,2.6,0.1,0.00,0.00,0.1,1.0,1,2,1.0
634,G.Nunes,4,49,0,0,0,0,0,0.0,0.0,0.0,0.0,0.00,0.00,0.0,0.0,0,3,0.0
649,Meghoma,4,40,4,0,0,0,0,0.0,0.0,0.2,0.3,0.00,0.00,0.0,1.0,1,3,1.0
661,Yogane,4,45,0,0,0,0,0,0.0,0.0,0.0,0.0,0.00,0.00,0.0,0.0,0,4,0.0
674,Maghoma,4,45,74,0,0,0,0,0.0,4.0,15.4,4.2,0.00,0.03,0.0,1.0,5,2,1.0
705,Arthur,4,40,0,0,0,0,0,0.0,0.0,0.0,0.0,0.00,0.00,0.0,0.0,0,1,0.0
752,Frank,4,8,0,0,0,0,0,4.0,0.0,0.0,0.0,0.00,0.00,1.3,0.0,8,2,0.0
757,Kayode,4,45,14,0,0,0,0,1.0,2.0,5.4,24.3,0.00,0.06,0.0,1.0,1,2,1.0
759,Eyestone,4,40,0,0,0,0,0,0.0,0.0,0.0,0.0,0.00,0.00,0.0,0.0,0,1,0.0
113,Adingra,5,51,590,2,1,1,0,1.0,157.0,137.6,110.2,1.43,1.43,0.3,2.2,35,3,2.2
114,Baker-Boaitey,5,45,0,0,0,0,0,0.0,0.0,0.0,0.0,0.00,0.00,0.0,0.0,0,3,0.0
115,Baleba,5,50,1520,2,1,5,4,1.2,119.0,298.0,217.0,1.29,0.59,0.1,2.5,50,1,2.5
116,Barco,5,40,0,0,0,0,0,0.0,0.0,0.0,0.0,0.00,0.00,2.2,0.0,0,2,0.0
118,Cozier-Duberry,5,45,0,0,0,0,0,0.0,0.0,0.0,0.0,0.00,0.00,0.0,0.0,0,4,0.0
119,Dahoud,5,49,0,0,0,0,0,0.0,0.0,0.0,0.0,0.00,0.00,0.0,0.0,0,1,0.0
120,Dunk,5,42,1560,0,1,4,0,0.5,79.0,332.2,100.8,0.69,0.64,3.0,2.0,38,2,2.0
122,Estupiñan,5,49,1415,0,1,2,6,2.8,90.0,294.2,384.1,0.50,1.65,1.0,2.2,39,3,2.2
124,Gilmour,5,50,97,0,0,0,0,0.0,2.0,11.4,11.9,0.08,0.04,0.0,1.5,3,1,1.5
125,Gross,5,65,0,0,0,0,0,0.0,0.0,0.0,0.0,0.00,0.00,0.0,0.0,0,3,0.0
126,Hinshelwood,5,49,899,1,0,3,3,0.2,83.0,123.4,116.9,0.79,0.74,0.0,2.4,29,2,2.4
127,I.Osman,5,50,0,0,0,0,0,0.0,0.0,0.0,0.0,0.00,0.00,0.0,0.0,0,4,0.0
128,Igor,5,43,900,0,0,1,0,0.0,4.0,182.2,40.5,0.05,0.23,0.1,1.4,17,1,1.4
129,João Pedro,5,55,1340,5,5,5,15,1.2,427.0,347.8,291.7,4.03,2.17,11.7,4.4,80,4,4.4
130,Kozlowski,5,45,0,0,0,0,0,0.0,0.0,0.0,0.0,0.00,0.00,0.0,0.0,0,3,0.0
131,Lamptey,5,44,516,2,2,0,1,0.5,38.0,156.6,77.8,0.35,0.37,0.3,2.6,26,3,2.6
132,March,5,65,23,0,0,0,0,0.0,4.0,7.4,5.0,0.07,0.02,0.0,0.5,1,1,0.5
133,Mazilu,5,45,0,0,0,0,0,0.0,0.0,0.0,0.0,0.00,0.00,0.0,0.0,0,1,0.0
134,Milner,5,50,169,0,0,1,0,0.0,12.0,28.6,66.3,0.16,0.15,0.0,1.7,5,2,1.7
135,Minteh,5,50,831,3,3,1,3,3.8,265.0,234.6,233.0,2.43,2.84,0.4,2.6,49,3,2.6
136,Mitoma,5,63,1887,5,4,4,10,6.2,589.0,418.4,474.2,5.10,3.41,5.1,4.0,95,4,4.0
137,Moder,5,44,9,0,0,0,0,0.2,2.0,15.8,36.0,0.00,0.53,0.5,1.0,4,2,1.0
138,O’Mahony,5,45,0,0,0,0,0,0.0,0.0,0.0,0.0,0.00,0.00,0.2,0.0,0,2,0.0
139,Offiah,5,40,0,0,0,0,0,0.0,0.0,0.0,0.0,0.00,0.00,0.1,0.0,0,2,0.0
140,Peupion,5,44,0,0,0,0,0,0.0,0.0,0.0,0.0,0.00,0.00,0.1,0.0,0,4,0.0
141,Sarmiento,5,49,8,0,0,0,0,0.0,0.0,0.2,0.8,0.00,0.00,0.0,1.0,1,3,1.0
142,Steele,5,41,180,0,0,1,1,0.0,0.0,40.4,0.0,0.00,0.00,0.8,4.5,9,3,4.5
143,Undav,5,55,0,0,0,0,0,0.0,0.0,0.0,0.0,0.00,0.00,0.0,0.0,0,3,0.0
144,Van Hecke,5,45,1880,0,1,4,4,2.5,85.0,466.0,197.3,0.75,1.06,0.8,2.4,53,4,2.4
145,Veltman,5,44,1552,0,0,5,7,2.0,26.0,254.0,143.5,0.20,1.29,1.7,2.9,52,1,2.9
146,Verbruggen,5,45,1980,0,0,4,4,2.2,0.0,534.2,0.0,0.00,0.01,2.7,2.8,61,2,2.8
147,Webster,5,43,165,0,0,1,0,1.8,21.0,45.2,4.7,0.02,0.07,0.1,1.5,9,3,1.5
148,Welbeck,5,55,1353,6,2,5,13,1.5,416.0,306.0,193.0,6.05,0.48,5.6,4.2,75,4,4.2
149,Wieffer,5,47,464,1,2,1,3,0.0,57.0,144.0,80.3,0.50,0.18,0.1,2.2,28,4,2.2
595,Gruda,5,54,362,0,0,1,0,0.2,90.0,57.8,128.7,0.27,0.50,0.0,1.3,14,2,1.3
600,Ayari,5,50,1264,0,0,5,0,1.8,161.0,193.6,318.9,1.45,1.29,0.0,1.8,36,2,1.8
601,Moran,5,50,0,0,0,0,0,0.0,0.0,0.0,0.0,0.00,0.00,0.0,0.0,0,2,0.0
615,Rushworth,5,39,0,0,0,0,0,0.0,0.0,0.0,0.0,0.00,0.00,0.0,0.0,0,4,0.0
618,Georginio,5,51,1262,4,4,4,1,3.8,327.0,265.0,206.6,3.40,1.32,0.5,3.1,72,2,3.1
628,F.Kadıoğlu,5,44,385,1,0,2,0,0.0,40.0,116.4,83.7,0.44,0.31,0.1,3.2,19,4,3.2
629,O'Riley,5,55,462,1,1,2,2,2.0,113.0,105.4,156.5,1.15,1.24,0.0,2.2,24,2,2.2
663,Samuels,5,40,0,0,0,0,0,0.0,0.0,0.0,0.0,0.00,0.00,0.0,0.0,0,1,0.0
668,Cahill,5,39,0,0,0,0,0,0.0,0.0,0.0,0.0,0.00,0.00,1.2,0.0,0,4,0.0
681,McConville,5,40,0,0,0,0,0,0.0,0.0,0.0,0.0,0.00,0.00,0.0,0.0,0,1,0.0
685,Slater,5,40,0,0,0,0,0,0.0,0.0,0.0,0.0,0.00,0.00,0.0,0.0,0,4,0.0
714,Gómez,5,55,46,0,0,0,0,0.5,0.0,7.6,3.9,0.00,0.02,0.0,1.0,2,1,1.0
739,Hürzeler,5,11,0,0,0,0,0,0.0,0.0,0.0,0.0,0.00,0.00,0.1,0.0,0,2,0.0
758,Knight,5,45,0,0,0,0,0,0.0,0.0,0.0,0.0,0.00,0.00,0.0,0.0,0,2,0.0
763,Cashin,5,45,0,0,0,0,0,0.0,0.0,0.0,0.0,0.00,0.00,0.0,0.0,0,3,0.0
150,Andrey Santos,6,45,0,0,0,0,0,0.0,0.0,0.0,0.0,0.00,0.00,0.0,0.0,0,4,0.0
151,Ângelo,6,45,0,0,0,0,0,0.0,0.0,0.0,0.0,0.00,0.00,0.1,0.0,0,3,0.0
153,B.Badiashile,6,42,247,0,0,0,0,0.0,0.0,48.2,8.8,0.00,0.06,0.1,1.2,5,4,1.2
154,Bergström,6,39,0,0,0,0,0,0.0,0.0,0.0,0.0,0.00,0.00,0.3,0.0,0,4,0.0
155,Bettinelli,6,39,0,0,0,0,0,0.0,0.0,0.0,0.0,0.00,0.00,0.4,0.0,0,2,0.0
157,Caicedo,6,49,2125,1,3,5,2,1.5,63.0,427.6,384.6,0.55,1.70,1.1,2.6,63,1,2.6
158,Casadei,6,44,0,0,0,0,0,0.0,0.0,0.0,0.0,0.00,0.00,0.1,0.0,0,3,0.0
159,Chalobah,6,44,1241,3,1,3,8,2.5,160.0,365.2,86.1,1.34,0.54,1.3,4.3,64,4,4.3
161,Chukwuemeka,6,47,0,0,0,0,0,0.0,0.0,0.0,0.0,0.00,0.00,0.0,0.0,0,4,0.0
162,Colwill,6,44,1980,0,1,4,1,0.8,71.0,406.2,144.8,0.54,1.08,3.1,2.2,49,3,2.2
163,Cucurella,6,51,1805,2,2,3,3,3.2,163.0,317.0,225.1,1.55,1.74,6.2,2.7,59,3,2.7
164,D.D.Fofana,6,54,0,0,0,0,0,0.0,0.0,0.0,0.0,0.00,0.00,0.1,0.0,0,4,0.0
165,Deivid,6,49,0,0,0,0,0,0.0,0.0,0.0,0.0,0.00,0.00,0.1,0.0,0,1,0.0
166,Dewsbury-Hall,6,55,132,0,1,0,1,1.5,19.0,32.8,29.1,0.22,0.19,0.1,1.8,11,3,1.8
168,Enzo,6,48,1687,3,5,3,5,2.0,253.0,433.4,635.7,2.95,3.81,3.9,3.4,74,4,3.4
169,Gallagher,6,59,0,0,0,0,0,0.0,0.0,0.0,0.0,0.00,0.00,0.1,0.0,0,1,0.0
170,Gilchrist,6,40,0,0,0,0,0,0.0,0.0,0.0,0.0,0.00,0.00,0.0,0.0,0,3,0.0
171,Gusto,6,49,1297,0,1,1,0,0.8,109.0,230.6,245.6,1.23,1.30,1.5,1.6,32,3,1.6
172,James,6,48,482,1,1,0,1,3.8,16.0,124.6,109.5,0.16,0.53,0.8,2.5,20,1,2.5
173,Kellyman,6,43,0,0,0,0,0,0.0,0.0,0.0,0.0,0.00,0.00,0.1,0.0,0,1,0.0
174,Lavia,6,45,530,0,1,1,0,0.0,5.0,90.4,99.8,0.18,0.30,0.5,1.5,15,2,1.5
175,Lukaku,6,63,0,0,0,0,0,0.0,0.0,0.0,0.0,0.00,0.00,0.2,0.0,0,4,0.0
176,M.Sarr,6,45,0,0,0,0,0,0.0,0.0,0.0,0.0,0.00,0.00,0.0,0.0,0,1,0.0
177,Madueke,6,61,1429,7,4,3,12,5.0,797.0,412.4,342.9,7.58,2.18,4.4,4.5,99,4,4.5
178,Marc Guiu,6,47,71,0,0,0,0,0.2,6.0,4.4,11.8,0.00,0.02,0.6,1.0,3,4,1.0
179,Mudryk,6,61,145,0,0,0,0,0.0,31.0,23.2,31.5,0.24,0.66,0.2,1.0,7,3,1.0
180,N.Jackson,6,78,1735,9,6,8,15,3.0,854.0,501.8,318.7,10.71,1.65,10.4,4.7,108,1,4.7
181,Nkunku,6,57,446,2,1,0,4,0.5,186.0,139.8,119.1,4.24,0.39,2.0,1.9,38,4,1.9
182,Palmer,6,112,2100,14,8,4,31,5.0,726.0,844.4,922.6,11.82,6.83,64.0,7.2,173,3,7.2
183,Petrović,6,44,0,0,0,0,0,0.0,0.0,0.0,0.0,0.00,0.00,0.2,0.0,0,4,0.0
184,Renato Veiga,6,44,176,0,0,1,0,0.0,19.0,30.4,9.2,0.16,0.15,0.1,1.0,7,1,1.0
185,Sánchez,6,47,1890,0,0,4,7,1.2,0.0,554.6,0.0,0.00,0.01,9.8,3.5,74,2,3.5
187,Tosin,6,42,820,1,0,2,3,2.5,73.0,207.4,22.9,0.79,0.11,0.3,2.7,32,2,2.7
189,W.Fofana,6,43,1015,0,0,1,2,0.0,29.0,187.2,70.0,0.40,0.15,0.3,1.6,19,3,1.6
386,Sancho,6,62,1109,2,5,2,3,1.5,249.0,233.4,313.5,1.50,2.21,1.1,3.2,57,3,3.2
560,Neto,6,62,1123,2,2,2,5,2.8,248.0,224.2,328.9,1.11,2.07,0.6,2.2,47,1,2.2
575,Wiley,6,40,0,0,0,0,0,0.0,0.0,0.0,0.0,0.00,0.00,0.0,0.0,0,2,0.0
581,Jørgensen,6,42,270,0,0,0,0,0.8,0.0,85.4,0.0,0.00,0.00,0.2,2.7,8,4,2.7
621,João Félix,6,59,362,1,2,1,0,1.2,141.0,88.0,95.4,2.30,0.45,0.4,2.0,24,2,2.0
695,Rak-Sakyi,6,45,0,0,0,0,0,0.0,0.0,0.0,0.0,0.00,0.00,0.0,0.0,0,4,0.0
696,George,6,45,6,0,0,0,0,0.0,0.0,0.0,1.5,0.00,0.00,0.0,0.0,0,4,0.0
697,Acheampong,6,40,160,0,0,0,0,0.2,13.0,12.6,1.5,0.22,0.01,0.1,1.5,3,1,1.5
740,Maresca,6,15,0,0,0,0,0,4.5,0.0,0.0,0.0,0.00,0.00,0.6,0.0,9,3,0.0
771,Amougou,6,45,0,0,0,0,0,0.0,0.0,0.0,0.0,0.00,0.00,0.0,0.0,0,4,0.0
11,Nketiah,7,59,619,0,2,1,0,1.5,214.0,70.4,118.8,1.77,0.52,0.5,1.5,26,4,1.5
160,Chilwell,7,46,0,0,0,0,0,0.0,0.0,0.0,0.0,0.00,0.00,0.5,0.0,0,2,0.0
190,Ahamada,7,45,0,0,0,0,0,0.0,0.0,0.0,0.0,0.00,0.00,0.1,0.0,0,2,0.0
193,C.Doucouré,7,49,443,0,1,1,0,0.8,23.0,58.6,25.7,0.40,0.11,0.0,1.5,19,3,1.5
194,C.Richards,7,44,976,0,0,4,0,4.8,63.0,219.6,29.6,0.23,0.08,0.2,2.6,34,3,2.6
195,Chadi Riad,7,43,90,0,0,0,0,0.0,0.0,18.2,1.3,0.00,0.02,0.0,1.0,1,3,1.0
196,Clyne,7,43,392,0,0,1,0,0.8,5.0,56.8,36.6,0.01,0.13,0.1,1.5,16,3,1.5
197,Ebiowei,7,45,0,0,0,0,0,0.0,0.0,0.0,0.0,0.00,0.00,0.0,0.0,0,3,0.0
199,Eze,7,67,1611,2,5,6,6,3.8,433.0,368.8,605.1,4.81,2.86,7.8,3.7,74,1,3.7
200,Guéhi,7,46,2070,3,1,7,10,7.5,155.0,603.0,115.5,1.43,0.49,8.2,3.7,85,2,3.7
201,Henderson,7,45,2160,0,0,7,4,5.0,4.0,544.0,10.0,0.01,0.02,12.4,3.6,86,2,3.6
202,Holding,7,42,0,0,0,0,0,0.0,0.0,0.0,0.0,0.00,0.00,0.1,0.0,0,3,0.0
203,Hughes,7,49,1405,0,3,6,3,2.5,64.0,240.4,335.5,0.80,1.70,0.1,2.2,46,3,2.2
205,Kamada,7,51,923,0,0,3,0,2.0,98.0,137.2,211.0,0.70,0.83,0.1,1.4,28,2,1.4
206,Lerma,7,48,1291,0,0,3,0,1.5,152.0,203.4,110.4,0.78,1.28,0.0,1.6,31,3,1.6
207,Mateta,7,73,1859,10,1,6,19,9.0,546.0,455.2,285.5,9.90,1.56,6.5,4.3,103,1,4.3
208,M.França,7,44,0,0,0,0,0,0.0,0.0,0.0,0.0,0.00,0.00,0.2,0.0,0,3,0.0
209,Matthews,7,39,0,0,0,0,0,0.0,0.0,0.0,0.0,0.00,0.00,0.6,0.0,0,2,0.0
210,Mitchell,7,48,2089,0,3,8,3,4.8,111.0,425.6,418.7,0.63,2.88,1.9,3.2,78,1,3.2
211,Muñoz,7,48,1984,2,4,7,5,6.8,322.0,498.6,406.1,3.47,2.24,7.1,3.8,88,3,3.8
212,Ozoh,7,45,0,0,0,0,0,0.0,0.0,0.0,0.0,0.00,0.00,0.0,0.0,0,4,0.0
213,Rak-Sakyi,7,45,0,0,0,0,0,0.0,0.0,0.0,0.0,0.00,0.00,0.0,0.0,0,4,0.0
214,Schlupp,7,46,95,0,0,0,0,0.2,46.0,22.8,42.9,0.17,0.14,0.1,1.0,12,1,1.0
215,Ward,7,43,0,0,0,0,0,0.0,0.0,0.0,0.0,0.00,0.00,0.1,0.0,0,2,0.0
216,Wharton,7,47,623,0,0,1,0,0.2,53.0,119.8,131.4,0.22,0.60,0.1,1.8,16,3,1.8
445,Turner,7,39,0,0,0,0,0,0.0,0.0,0.0,0.0,0.00,0.00,9.3,0.0,0,3,0.0
585,I.Sarr,7,57,1588,4,4,6,6,3.5,555.0,369.8,340.3,4.40,4.11,2.4,3.4,82,1,3.4
644,Umeh-Chibueze,7,44,0,0,0,0,0,0.0,0.0,0.0,0.0,0.00,0.00,0.0,0.0,0,1,0.0
645,Devenny,7,45,262,1,0,0,1,0.8,36.0,81.4,71.6,0.46,0.31,0.1,1.7,19,2,1.7
646,Agbinone,7,45,4,0,0,0,0,0.0,1.0,4.0,10.6,0.02,0.01,0.0,1.0,2,4,1.0
647,Rodney,7,45,0,0,0,0,0,0.0,0.0,0.0,0.0,0.00,0.00,0.0,0.0,0,4,0.0
650,Lacroix,7,45,1890,1,2,7,6,6.2,159.0,437.4,44.5,1.87,0.46,0.7,3.6,75,3,3.6
666,Kporha,7,40,11,0,0,0,0,0.0,0.0,8.0,4.6,0.00,0.02,0.0,1.0,2,4,1.0
676,Marsh,7,45,0,0,0,0,0,0.0,0.0,0.0,0.0,0.00,0.00,0.3,0.0,0,3,0.0
730,Esse,7,50,7,1,0,0,2,4.0,35.0,35.2,0.3,0.32,0.00,0.1,8.0,8,2,8.0
741,Glasner,7,8,0,0,0,0,0,5.5,0.0,0.0,0.0,0.00,0.00,0.2,0.0,11,2,0.0
156,Broja,8,54,156,0,0,0,0,0.0,29.0,11.6,28.3,0.11,0.09,0.1,1.0,5,1,1.0
217,A.Doucoure,8,51,1771,1,0,9,0,2.6,148.0,184.8,272.1,1.79,0.73,0.4,2.3,51,2,2.3
218,Beto,8,49,481,4,0,2,7,4.8,217.0,161.4,33.3,2.97,0.03,1.1,2.6,42,1,2.6
219,Branthwaite,8,48,1356,0,1,7,3,4.2,60.0,333.8,37.7,0.54,0.23,1.6,3.4,58,3,3.4
220,Calvert-Lewin,8,54,1571,3,2,8,3,1.6,527.0,191.0,124.7,6.05,0.63,1.3,2.7,59,2,2.7
221,Coleman,8,43,196,0,0,0,0,0.0,21.0,38.0,1.9,0.62,0.01,0.0,1.0,3,1,1.0
222,Gana,8,48,1832,0,2,8,3,3.8,81.0,304.8,224.5,0.92,1.02,0.7,2.4,56,4,2.4
223,Garner,8,49,430,0,1,2,0,1.8,28.0,93.8,73.0,0.09,0.60,0.0,2.3,16,4,2.3
224,Harrison,8,52,1060,0,1,4,0,0.8,164.0,124.6,222.5,2.37,1.45,0.1,1.9,37,2,1.9
225,Holgate,8,40,5,0,0,0,0,0.0,0.0,0.0,0.0,0.00,0.00,0.2,1.0,1,2,1.0
226,Iroegbunam,8,43,402,0,1,0,0,1.0,32.0,75.2,37.9,0.23,0.13,0.5,1.6,13,1,1.6
227,J.Virginia,8,39,0,0,0,0,0,0.0,0.0,0.0,0.0,0.00,0.00,0.6,0.0,0,4,0.0
228,Keane,8,39,812,2,0,2,3,0.2,84.0,221.6,22.9,0.43,0.02,4.6,3.3,33,1,3.3
229,Maupay,8,49,0,0,0,0,0,0.0,0.0,0.0,0.0,0.00,0.00,0.2,0.0,0,3,0.0
230,McNeil,8,51,1140,3,5,4,6,0.0,169.0,287.4,547.4,0.87,3.96,1.3,5.0,65,2,5.0
231,Mykolenko,8,44,1912,0,1,8,5,3.2,58.0,339.2,243.3,0.39,1.19,8.8,3.3,72,2,3.3
232,Ndiaye,8,55,1874,6,0,11,15,5.2,333.0,449.4,279.4,3.58,1.03,6.4,3.4,81,1,3.4
234,Patterson,8,44,124,0,0,0,0,0.6,8.0,28.0,36.9,0.07,0.30,0.0,1.0,7,1,1.0
235,Pickford,8,51,2160,0,1,9,10,3.6,0.0,650.8,20.3,0.00,0.16,18.1,4.4,105,3,4.4
236,Tarkowski,8,48,2151,1,1,9,7,5.4,176.0,655.0,150.5,1.06,1.93,2.5,3.6,86,4,3.6
237,Y. Chermiti,8,49,0,0,0,0,0,0.0,0.0,0.0,0.0,0.00,0.00,0.0,0.0,0,2,0.0
238,Young,8,46,1488,1,3,7,8,1.0,35.0,350.6,263.7,0.22,1.47,2.7,3.6,75,1,3.6
450,Alcaraz,8,49,22,0,0,0,0,0.2,19.0,11.8,16.1,0.07,0.03,0.0,1.0,2,1,1.0
577,Lindstrøm,8,50,940,0,0,6,0,2.0,198.0,162.2,263.4,2.02,1.62,0.1,1.6,33,1,1.6
582,O'Brien,8,45,398,0,0,2,0,3.0,6.0,75.0,19.0,0.00,0.05,0.2,2.3,16,2,2.3
603,Armstrong,8,44,47,0,0,0,0,0.0,9.0,1.8,10.9,0.37,0.00,0.2,0.7,2,2,0.7
614,Metcalfe,8,45,0,0,0,0,0,0.0,0.0,0.0,0.0,0.00,0.00,0.0,0.0,0,4,0.0
624,Begovic,8,40,0,0,0,0,0,0.0,0.0,0.0,0.0,0.00,0.00,0.2,0.0,0,4,0.0
627,Dixon,8,40,90,0,0,0,0,0.0,0.0,15.4,0.3,0.00,0.00,0.1,0.0,0,1,0.0
651,Mangala,8,50,1257,1,0,5,0,1.4,106.0,172.8,133.5,1.13,0.59,0.0,2.1,39,3,2.1
678,Bates,8,45,0,0,0,0,0,0.0,0.0,0.0,0.0,0.00,0.00,0.0,0.0,0,1,0.0
724,Sherif,8,45,0,0,0,0,0,0.0,0.0,0.0,0.0,0.00,0.00,0.1,0.0,0,1,0.0
742,Moyes,8,5,0,0,0,0,0,13.7,0.0,0.0,0.0,0.00,0.00,22.4,0.0,41,4,0.0
773,Heath,8,45,0,0,0,0,0,0.0,0.0,0.0,0.0,0.00,0.00,0.0,0.0,0,2,0.0
10,Nelson,9,50,483,1,1,1,2,0.0,195.0,131.6,223.9,1.07,0.96,0.1,2.2,27,2,2.2
19,Smith Rowe,9,52,1432,4,2,6,11,4.2,235.0,309.4,307.0,3.34,1.51,8.8,3.6,80,4,3.6
191,Andersen,9,42,1413,0,0,3,3,2.5,72.0,300.4,58.9,0.36,0.30,3.8,2.0,32,1,2.0
239,Adama,9,47,1124,2,3,3,3,2.5,328.0,244.8,398.7,3.45,2.85,1.6,2.5,57,4,2.5
240,Andreas,9,50,1269,2,4,4,1,1.5,219.0,232.8,583.7,3.04,3.09,0.9,2.6,54,2,2.6
241,Bassey,9,45,2070,0,0,4,0,2.8,73.0,366.4,62.1,0.83,0.24,0.5,2.2,50,1,2.2
242,Benda,9,39,0,0,0,0,0,0.0,0.0,0.0,0.0,0.00,0.00,0.4,0.0,0,4,0.0
243,Cairney,9,48,385,1,0,1,0,0.8,34.0,96.2,145.6,0.15,0.92,0.0,1.2,20,2,1.2
244,Castagne,9,42,898,0,1,2,0,2.5,72.0,197.8,108.3,0.12,0.33,1.7,2.1,29,2,2.1
245,Diop,9,44,1068,0,0,1,0,0.5,77.0,206.0,29.9,0.51,0.03,0.2,1.5,26,4,1.5
246,Harris,9,45,0,0,0,0,0,0.0,0.0,0.0,0.0,0.00,0.00,0.0,0.0,0,2,0.0
247,Iwobi,9,58,2019,7,3,5,12,5.0,504.0,574.2,657.7,2.96,4.99,5.9,4.5,107,4,4.5
248,Leno,9,50,2160,0,1,4,2,3.0,0.0,582.0,20.0,0.00,0.02,2.7,3.0,73,3,3.0
249,Lukić,9,48,1504,0,2,3,1,2.5,39.0,225.2,234.7,0.69,0.84,0.1,1.9,37,1,1.9
250,Mbabu,9,40,0,0,0,0,0,0.0,0.0,0.0,0.0,0.00,0.00,0.1,0.0,0,4,0.0
251,Muniz,9,55,656,4,1,2,8,2.8,326.0,191.0,77.1,3.81,0.10,1.5,2.3,54,4,2.3
252,Raúl,9,56,1517,9,2,6,18,3.2,680.0,420.8,208.4,8.63,1.57,8.4,4.2,100,3,4.2
253,Ream,9,45,0,0,0,0,0,0.0,0.0,0.0,0.0,0.00,0.00,0.0,0.0,0,4,0.0
254,Reed,9,47,54,0,0,0,0,0.0,9.0,9.2,18.4,0.01,0.09,0.0,0.8,6,3,0.8
255,Robinson,9,51,2160,0,10,4,7,5.2,166.0,669.2,554.8,0.69,3.10,25.7,3.7,88,2,3.7
256,Stansfield,9,50,1,0,0,0,0,0.0,0.0,0.0,0.0,0.00,0.00,0.0,1.0,1,3,1.0
257,Tete,9,44,1262,0,2,2,0,0.0,115.0,258.8,120.9,1.02,0.44,0.2,2.5,37,2,2.5
258,Vinicius,9,50,3,0,0,0,0,0.0,19.0,4.0,0.0,0.06,0.00,0.3,1.0,1,2,1.0
259,Wilson,9,52,829,5,2,2,6,2.5,298.0,252.4,259.1,3.29,0.94,0.4,3.3,63,1,3.3
579,Sessegnon,9,41,16,0,0,0,0,0.2,0.0,3.0,0.0,0.00,0.00,0.1,1.0,3,2,1.0
586,J.Cuenca,9,44,93,0,0,0,0,0.0,0.0,24.8,0.0,0.00,0.00,0.0,1.0,4,3,1.0
604,King,9,45,78,0,0,1,0,0.5,24.0,21.4,37.3,0.20,0.65,0.1,1.4,7,1,1.4
605,Godo,9,44,14,0,0,0,0,0.0,6.0,1.0,0.5,0.00,0.00,0.0,1.0,1,2,1.0
622,Berge,9,50,1226,0,0,3,2,1.8,19.0,221.2,196.4,0.08,0.35,0.0,1.9,33,3,1.9
690,Amissah,9,40,0,0,0,0,0,0.0,0.0,0.0,0.0,0.00,0.00,0.0,0.0,0,3,0.0
753,Silva,9,11,0,0,0,0,0,9.0,0.0,0.0,0.0,0.00,0.00,0.4,0.0,18,1,0.0
772,Willian,9,50,0,0,0,0,0,0.0,0.0,0.0,0.0,0.00,0.00,0.0,0.0,0,4,0.0
121,Enciso,10,54,385,0,1,1,0,1.5,190.0,77.4,107.4,1.47,0.53,0.1,1.4,19,2,1.4
260,Al-Hamadi,10,47,125,0,0,0,0,0.0,32.0,5.6,25.7,0.35,0.04,0.3,0.7,8,2,0.7
261,Baggott,10,40,0,0,0,0,0,0.0,0.0,0.0,0.0,0.00,0.00,0.0,0.0,0,1,0.0
262,Broadhead,10,49,374,0,0,1,0,1.2,95.0,58.6,70.8,1.01,0.90,0.0,1.4,13,2,1.4
263,Burgess,10,39,900,0,1,0,0,-0.2,78.0,237.2,42.3,0.72,0.23,1.8,1.4,14,3,1.4
264,Burns,10,48,922,0,1,1,0,0.8,66.0,111.6,148.5,0.50,1.17,0.0,1.7,30,1,1.7
265,Chaplin,10,51,605,1,2,1,0,0.0,86.0,95.6,120.4,1.18,0.54,0.1,2.2,33,1,2.2
266,H.Clarke,10,40,377,0,0,0,0,0.0,35.0,48.2,24.4,0.08,0.10,0.1,0.1,1,3,0.1
267,Davis,10,44,2112,1,2,2,5,0.2,124.0,389.6,627.1,0.84,3.65,1.5,2.0,48,3,2.0
268,Delap,10,56,1765,9,2,3,15,3.2,518.0,392.0,242.8,7.29,1.26,3.5,4.0,93,4,4.0
269,Edmundson,10,40,1,0,0,0,0,0.0,0.0,0.0,0.0,0.00,0.00,0.1,1.0,1,1,1.0
270,Greaves,10,39,1260,1,0,2,0,2.0,100.0,347.8,31.0,0.68,0.09,4.5,2.1,29,1,2.1
271,Harness,10,49,43,0,0,0,0,0.0,6.0,9.4,1.9,0.00,0.05,0.0,1.0,2,1,1.0
272,Hirst,10,54,209,1,1,0,2,1.0,87.0,63.4,37.9,0.97,0.10,0.0,1.8,21,4,1.8
273,Humphreys,10,45,0,0,0,0,0,0.0,0.0,0.0,0.0,0.00,0.00,0.0,0.0,0,2,0.0
274,Hutchinson,10,52,1867,2,1,3,4,2.0,294.0,245.8,297.1,1.79,1.40,0.3,2.7,59,2,2.7
275,Johnson,10,39,822,0,1,0,0,0.0,40.0,166.8,87.9,0.40,0.39,2.1,1.0,14,3,1.0
276,Ladapo,10,45,0,0,0,0,0,0.0,0.0,0.0,0.0,0.00,0.00,0.4,0.0,0,1,0.0
277,Luongo,10,44,169,0,0,0,0,0.2,2.0,31.2,5.6,0.00,0.01,0.2,1.3,8,1,1.3
278,Morsy,10,49,1902,1,1,2,5,1.8,26.0,302.6,237.3,0.31,1.00,0.1,2.3,51,2,2.3
279,Ndaba,10,40,0,0,0,0,0,0.0,0.0,0.0,0.0,0.00,0.00,0.0,0.0,0,1,0.0
280,Slicker,10,39,0,0,0,0,0,0.0,0.0,0.0,0.0,0.00,0.00,0.7,0.0,0,1,0.0
281,Taylor,10,48,404,1,0,0,1,0.8,65.0,96.6,82.7,0.55,0.71,0.0,1.2,22,4,1.2
282,Tuanzebe,10,39,976,0,0,1,0,0.5,19.0,165.0,52.4,0.18,0.08,1.6,1.4,17,2,1.4
283,Walton,10,43,540,0,0,1,2,0.5,0.0,139.4,10.0,0.00,0.00,0.2,2.3,14,4,2.3
284,Woolfenden,10,40,737,0,0,1,0,0.0,6.0,147.4,4.4,0.03,0.02,1.3,1.4,13,3,1.4
359,Phillips,10,48,857,0,0,1,0,1.0,27.0,125.4,65.9,0.33,0.26,0.1,1.5,20,2,1.5
568,Muric,10,44,1620,0,0,1,5,0.2,0.0,531.2,0.0,0.00,0.01,0.8,2.7,49,2,2.7
569,Jaden,10,53,457,0,0,1,0,1.0,53.0,30.4,30.6,0.46,0.21,0.0,0.9,13,1,0.9
583,Townsend,10,39,46,0,0,0,0,0.2,2.0,15.4,25.1,0.00,0.07,0.6,1.0,2,4,1.0
611,Szmodics,10,57,975,4,0,2,2,0.0,263.0,209.4,81.5,3.44,0.44,0.2,2.9,52,2,2.9
619,Cajuste,10,45,1043,0,0,1,0,1.5,19.0,110.4,113.6,0.17,0.28,0.2,1.8,30,1,1.8
630,O'Shea,10,40,1862,0,0,2,1,0.2,137.0,477.0,15.5,0.83,0.17,1.5,1.4,29,4,1.4
631,J.Clarke,10,54,594,0,2,0,0,1.0,77.0,108.2,130.7,0.83,0.71,0.0,1.5,29,1,1.5
632,Ogbene,10,48,237,0,0,0,0,0.0,12.0,22.8,30.2,0.00,0.05,0.0,1.4,7,1,1.4
715,Godfrey,10,40,63,0,0,0,0,0.0,2.0,4.2,1.7,0.00,0.02,0.0,0.0,0,3,0.0
743,McKenna,10,5,0,0,0,0,0,1.0,0.0,0.0,0.0,0.00,0.00,0.1,0.0,2,2,0.0
764,Palmer,10,45,0,0,0,0,0,0.0,0.0,0.0,0.0,0.00,0.00,0.0,0.0,0,2,0.0
117,Buonanotte,11,47,1139,4,2,2,4,0.8,239.0,347.4,354.4,3.24,1.98,0.6,2.9,58,3,2.9
192,J.Ayew,11,52,1183,4,0,1,3,1.8,259.0,219.0,210.3,3.35,1.10,0.2,2.5,54,2,2.5
198,Edouard,11,51,141,0,0,0,0,0.0,50.0,5.0,25.0,0.39,0.07,0.2,1.2,7,3,1.2
285,B.Soumaré,11,44,1191,0,0,0,0,2.0,28.0,162.2,157.8,0.21,0.62,0.4,1.3,22,2,1.3
286,Cannon,11,45,0,0,0,0,0,0.0,0.0,0.0,0.0,0.00,0.00,0.3,0.0,0,3,0.0
287,Choudhury,11,44,129,0,0,0,0,0.0,6.0,33.8,30.4,0.00,0.19,2.1,1.0,4,4,1.0
288,Coady,11,40,715,0,0,0,0,0.2,6.0,148.0,23.8,0.00,0.45,0.4,0.8,8,3,0.8
289,Daka,11,48,296,1,0,0,2,1.0,75.0,63.8,13.8,0.50,0.03,0.8,1.6,19,3,1.6
290,De Cordova-Reid,11,52,432,1,4,0,2,2.2,56.0,88.0,76.8,0.72,0.12,0.1,2.4,38,4,2.4
291,Faes,11,39,1642,1,0,1,0,0.8,91.0,411.2,50.6,1.14,0.35,6.5,1.4,30,2,1.4
292,Golding,11,44,0,0,0,0,0,0.0,0.0,0.0,0.0,0.00,0.00,0.2,0.0,0,4,0.0
293,Hermansen,11,44,1485,0,0,1,0,0.2,0.0,538.6,0.2,0.00,0.01,0.4,2.3,39,4,2.3
294,Iversen,11,39,0,0,0,0,0,0.0,0.0,0.0,0.0,0.00,0.00,0.9,0.0,0,1,0.0
295,Justin,11,41,1977,2,1,1,2,1.0,185.0,414.2,180.6,1.37,0.48,1.5,1.9,43,4,1.9
296,Kristiansen,11,45,1847,0,1,1,0,1.0,26.0,412.0,305.2,0.10,1.49,0.1,1.3,27,4,1.3
297,Marcal,11,45,0,0,0,0,0,0.0,0.0,0.0,0.0,0.00,0.00,0.0,0.0,0,4,0.0
298,Mavididi,11,51,1284,3,1,1,3,1.2,249.0,270.6,311.1,1.55,3.09,0.3,2.5,55,2,2.5
299,McAteer,11,47,380,0,1,1,0,0.2,69.0,65.4,70.0,0.55,0.22,0.0,1.6,18,4,1.6
300,Ndidi,11,49,1216,0,4,1,1,0.0,187.0,326.6,155.6,1.53,1.13,0.2,2.5,37,1,2.5
301,Okoli,11,40,829,0,0,1,1,0.2,36.0,238.0,10.7,0.14,0.10,0.6,1.3,18,2,1.3
302,Ricardo,11,41,146,0,0,0,0,0.0,2.0,13.8,5.7,0.00,0.03,0.1,1.0,2,3,1.0
303,Souttar,11,40,0,0,0,0,0,0.0,0.0,0.0,0.0,0.00,0.00,0.0,0.0,0,2,0.0
304,Stolarczyk,11,40,540,0,0,0,0,1.0,0.0,140.8,0.0,0.00,0.00,0.6,1.7,10,4,1.7
305,Thomas,11,39,179,0,0,0,0,0.0,10.0,28.0,15.0,0.02,0.05,1.8,0.5,1,1,0.5
306,Vardy,11,54,1776,7,4,1,13,3.5,513.0,357.6,181.8,8.41,2.11,5.6,4.1,90,1,4.1
307,Vestergaard,11,39,1259,0,0,0,0,0.8,36.0,285.0,35.4,0.04,0.08,1.8,0.7,11,3,0.7
308,Ward,11,39,135,0,0,0,0,0.0,0.0,35.4,0.0,0.00,0.00,2.1,1.0,2,3,1.0
309,Winks,11,44,1457,0,2,0,0,1.8,30.0,252.4,289.2,0.21,1.50,5.9,1.9,37,2,1.9
501,Skipp,11,47,757,0,0,1,0,0.8,24.0,86.2,119.8,0.13,0.28,0.0,1.2,18,2,1.2
570,A.Fatawu,11,51,576,0,2,0,3,0.0,148.0,147.6,104.3,0.41,1.42,0.2,2.4,26,4,2.4
606,Alves,11,44,1,0,0,0,0,0.0,0.0,0.0,0.3,0.00,0.00,0.1,1.0,1,3,1.0
616,Nelson,11,40,0,0,0,0,0,0.0,0.0,0.0,0.0,0.00,0.00,0.0,0.0,0,2,0.0
635,El Khannouss,11,48,1090,2,1,1,5,3.8,78.0,211.4,250.0,0.50,1.20,0.2,2.6,49,1,2.6
694,Cartwright,11,45,0,0,0,0,0,0.0,0.0,0.0,0.0,0.00,0.00,0.0,0.0,0,4,0.0
708,Wilson-Brown,11,40,0,0,0,0,0,0.0,0.0,0.0,0.0,0.00,0.00,0.0,0.0,0,1,0.0
726,Coulibaly,11,40,15,0,0,0,0,0.7,0.0,5.4,0.3,0.00,0.00,0.0,1.0,2,3,1.0
754,Van Nistelrooy,11,5,0,0,0,0,0,4.0,0.0,0.0,0.0,0.00,0.00,0.2,0.0,8,1,0.0
310,A.Becker,12,55,1428,0,0,7,8,4.6,0.0,315.6,13.0,0.00,0.20,9.4,4.3,69,3,4.3
311,Alexander-Arnold,12,74,1762,1,6,9,13,5.0,160.0,534.6,700.6,1.08,6.24,32.5,4.7,108,1,4.7
312,Bajcetic,12,45,0,0,0,0,0,0.0,0.0,0.0,0.0,0.00,0.00,0.0,0.0,0,2,0.0
313,Bradley,12,47,315,0,0,1,0,0.4,102.0,49.6,17.7,0.49,0.22,0.3,1.4,14,4,1.4
315,Clark,12,45,0,0,0,0,0,0.0,0.0,0.0,0.0,0.00,0.00,0.0,0.0,0,3,0.0
316,Darwin,12,70,837,4,2,2,4,2.8,283.0,212.0,98.0,3.28,0.35,2.0,2.5,47,4,2.5
317,Diogo J.,12,72,624,5,3,4,4,1.6,338.0,239.4,108.1,4.89,0.67,2.5,4.3,60,3,4.3
318,Doak,12,45,0,0,0,0,0,0.0,0.0,0.0,0.0,0.00,0.00,0.0,0.0,0,1,0.0
319,Elliott,12,52,75,0,1,0,0,1.0,14.0,31.8,59.4,0.07,0.35,0.2,1.3,12,1,1.3
320,Endo,12,46,80,0,0,0,0,0.4,4.0,16.2,16.4,0.00,0.04,0.1,1.0,10,3,1.0
321,Gakpo,12,76,1361,8,4,5,15,5.4,491.0,469.2,399.7,5.40,2.71,23.5,3.9,94,3,3.9
322,Gomez,12,47,517,0,0,1,0,0.0,58.0,130.4,38.5,0.33,0.09,0.4,1.6,14,1,1.6
323,Gravenberch,12,50,2045,0,2,10,1,2.4,77.0,359.2,355.3,0.86,2.71,0.9,2.5,59,3,2.5
324,Jones,12,53,948,3,5,3,4,1.4,301.0,282.8,188.1,3.44,0.49,0.3,3.1,63,1,3.1
325,Kelleher,12,40,720,0,0,3,1,0.0,0.0,196.8,0.0,0.00,0.00,1.2,4.6,37,3,4.6
326,Konaté,12,52,1489,1,2,7,1,4.0,79.0,384.0,110.3,1.03,0.72,7.4,3.7,67,4,3.7
327,Luis Díaz,12,75,1512,8,3,11,10,2.4,588.0,424.8,384.4,6.71,2.08,17.7,4.7,108,1,4.7
328,M.Salah,12,137,2120,22,14,10,42,8.4,1450.0,1175.0,726.8,17.83,5.91,71.6,10.5,251,4,10.5
329,Mac Allister,12,62,1719,2,4,10,3,3.6,259.0,371.4,462.4,2.12,3.54,2.0,3.1,71,1,3.1
330,McConnell,12,44,0,0,0,0,0,0.0,0.0,0.0,0.0,0.00,0.00,0.1,0.0,0,2,0.0
331,Morton,12,44,0,0,0,0,0,0.0,0.0,0.0,0.0,0.00,0.00,0.1,0.0,0,3,0.0
332,N.Phillips,12,40,0,0,0,0,0,0.0,0.0,0.0,0.0,0.00,0.00,0.1,0.0,0,4,0.0
333,Quansah,12,39,225,0,0,0,0,0.0,4.0,59.6,4.8,0.00,0.13,1.3,0.8,4,1,0.8
334,R.Williams,12,40,0,0,0,0,0,0.0,0.0,0.0,0.0,0.00,0.00,0.0,0.0,0,3,0.0
335,Robertson,12,59,1716,0,0,8,3,2.6,115.0,291.0,520.6,0.50,3.10,4.4,2.9,66,2,2.9
336,Szoboszlai,12,63,1543,3,6,8,8,4.4,404.0,309.2,496.8,5.27,3.61,2.9,3.7,82,3,3.7
337,Tsimikas,12,46,358,0,1,2,1,2.0,23.0,106.6,107.3,0.08,1.05,0.2,2.3,25,3,2.3
339,Virgil,12,64,2160,1,1,10,3,3.2,224.0,553.2,130.9,1.51,0.67,23.0,3.8,91,3,3.8
636,Chiesa,12,68,25,0,0,0,0,0.4,15.0,0.8,1.8,0.16,0.09,0.2,1.0,3,3,1.0
660,Jaros,12,40,11,0,0,0,0,0.0,0.0,8.8,0.0,0.00,0.00,0.1,1.0,1,2,1.0
669,Davies,12,40,0,0,0,0,0,0.0,0.0,0.0,0.0,0.00,0.00,0.0,0.0,0,1,0.0
688,Nyoni,12,45,0,0,0,0,0,0.0,0.0,0.0,0.0,0.00,0.00,0.0,0.0,0,2,0.0
692,Nallo,12,40,0,0,0,0,0,0.0,0.0,0.0,0.0,0.00,0.00,0.0,0.0,0,3,0.0
709,Danns,12,45,10,0,0,0,0,0.2,0.0,0.0,0.3,0.00,0.01,0.0,1.0,1,4,1.0
744,Slot,12,15,0,0,0,0,0,8.3,0.0,0.0,0.0,0.00,0.00,44.8,0.0,25,2,0.0
340,Akanji,13,53,1707,0,0,4,1,2.2,56.0,291.8,231.8,0.70,1.09,2.6,2.2,44,2,2.2
341,Aké,13,53,601,0,0,3,0,0.2,18.0,91.4,20.9,0.22,0.15,0.8,2.7,24,4,2.7
342,Bernardo,13,62,1914,2,4,4,7,1.2,449.0,395.8,568.2,2.82,3.27,2.8,3.1,72,2,3.1
343,Bobb,13,47,0,0,0,0,0,0.0,0.0,0.0,0.0,0.00,0.00,0.1,0.0,0,1,0.0
344,Carson,13,39,0,0,0,0,0,0.0,0.0,0.0,0.0,0.00,0.00,0.2,0.0,0,3,0.0
345,De Bruyne,13,94,1005,2,8,5,7,5.2,238.0,302.4,585.3,2.54,4.45,4.0,4.2,72,3,4.2
346,Doku,13,62,782,3,4,4,3,3.0,273.0,297.0,274.7,0.77,1.79,1.3,3.9,58,3,3.9
347,Ederson M.,13,53,1350,0,2,3,4,3.8,0.0,352.4,20.0,0.00,0.01,4.6,3.3,49,1,3.3
348,Foden,13,93,1362,7,3,3,10,10.8,393.0,408.2,593.1,4.58,4.76,8.2,4.7,89,4,4.7
349,Grealish,13,64,599,0,1,1,3,0.2,203.0,116.4,291.8,0.78,1.52,0.2,1.7,25,4,1.7
350,Gvardiol,13,59,2022,5,0,5,7,3.8,396.0,575.2,345.0,4.18,2.15,18.6,3.9,89,2,3.9
351,Haaland,13,147,2124,19,2,5,23,6.5,1281.0,811.8,273.3,18.13,1.30,27.7,6.2,149,2,6.2
352,J.Alvarez,13,70,0,0,0,0,0,0.0,0.0,0.0,0.0,0.00,0.00,0.1,0.0,0,1,0.0
353,João Cancelo,13,53,0,0,0,0,0,0.0,0.0,0.0,0.0,0.00,0.00,0.2,0.0,0,2,0.0
354,Kovačić,13,54,1543,4,2,6,10,4.8,147.0,409.6,434.1,1.39,2.51,1.2,3.7,74,4,3.7
355,Lewis,13,44,1400,1,2,3,1,0.2,122.0,225.4,176.8,1.10,0.80,4.6,2.5,47,4,2.5
356,Matheus N.,13,49,887,0,4,2,2,2.8,122.0,218.6,294.6,0.53,2.11,0.1,2.4,39,4,2.4
357,McAtee,13,46,84,1,0,0,0,2.0,35.0,35.0,15.2,0.79,0.03,0.1,1.7,12,3,1.7
358,Ortega Moreno,13,52,810,0,0,2,0,0.5,0.0,224.0,0.0,0.00,0.00,0.6,2.8,25,4,2.8
360,Rodrigo,13,62,65,0,0,0,0,0.0,0.0,10.8,17.1,0.00,0.09,0.8,1.0,2,4,1.0
361,Rúben,13,54,1176,0,0,4,1,1.5,76.0,250.0,122.7,1.12,0.75,2.2,2.4,34,4,2.4
362,Stones,13,53,454,2,0,0,1,0.2,70.0,136.2,47.8,0.60,0.17,1.1,2.2,22,1,2.2
363,Walker,13,51,966,0,0,0,0,0.0,29.0,157.4,147.7,0.12,1.34,2.8,0.9,13,3,0.9
571,Savinho,13,63,1167,1,9,3,12,2.5,455.0,308.2,483.2,3.10,5.12,2.5,4.1,77,1,4.1
607,O’Reilly,13,49,18,0,0,0,0,0.2,2.0,4.4,0.9,0.03,0.00,0.0,1.0,1,3,1.0
625,Gündogan,13,64,1338,0,1,3,0,1.5,164.0,181.6,440.3,1.59,2.85,0.4,1.9,40,4,1.9
626,Kaboré,13,45,0,0,0,0,0,0.0,0.0,0.0,0.0,0.00,0.00,0.0,0.0,0,1,0.0
671,Wright,13,45,0,0,0,0,0,0.0,0.0,0.0,0.0,0.00,0.00,0.0,0.0,0,2,0.0
672,Simpson-Pusey,13,40,95,0,0,0,0,0.0,2.0,19.6,2.2,0.00,0.01,0.0,0.5,1,4,0.5
675,Wilson-Esbrand,13,40,0,0,0,0,0,0.0,0.0,0.0,0.0,0.00,0.00,0.0,0.0,0,3,0.0
698,Mubama,13,45,27,0,0,0,0,0.2,5.0,0.2,0.1,0.04,0.00,0.1,1.0,1,2,1.0
703,Alleyne,13,40,0,0,0,0,0,0.0,0.0,0.0,0.0,0.00,0.00,0.0,0.0,0,1,0.0
704,Brits,13,40,0,0,0,0,0,0.0,0.0,0.0,0.0,0.00,0.00,0.0,0.0,0,3,0.0
732,Khusanov,13,50,53,0,0,0,0,0.0,2.0,2.8,0.2,0.02,0.00,0.1,0.0,0,2,0.0
733,Vitor Reis,13,45,0,0,0,0,0,0.0,0.0,0.0,0.0,0.00,0.00,0.0,0.0,0,2,0.0
736,Guardiola,13,15,0,0,0,0,0,5.0,0.0,0.0,0.0,0.00,0.00,1.1,0.0,10,4,0.0
755,Marmoush,13,70,144,0,0,0,0,2.0,12.0,11.4,59.8,0.17,0.42,2.7,2.0,4,2,2.0
765,N.Gonzalez,13,60,0,0,0,0,0,0.0,0.0,0.0,0.0,0.00,0.00,0.0,0.0,0,4,0.0
364,Amad,14,56,1591,6,7,6,14,6.8,477.0,516.8,552.3,4.12,3.42,22.1,4.9,107,3,4.9
365,Antony,14,57,135,0,0,0,0,0.5,74.0,35.0,50.7,0.60,0.21,0.2,1.0,8,3,1.0
366,B.Fernandes,14,83,1925,5,7,7,15,4.0,415.0,576.4,756.3,7.84,4.42,8.8,4.5,104,2,4.5
367,Bayindir,14,43,0,0,0,0,0,0.0,0.0,0.0,0.0,0.00,0.00,0.1,0.0,0,1,0.0
368,Casemiro,14,47,833,1,0,3,3,0.0,150.0,249.2,236.7,1.05,1.54,0.4,2.3,32,1,2.3
369,Dalot,14,50,2036,0,1,6,7,2.2,177.0,342.8,274.1,1.38,1.66,5.6,2.7,63,4,2.7
370,Eriksen,14,52,632,0,1,3,0,1.2,24.0,112.6,264.9,0.12,1.56,0.2,1.8,24,4,1.8
371,Evans,14,44,288,0,0,1,3,0.0,6.0,51.0,4.1,0.08,0.02,0.1,2.3,14,3,2.3
372,Garnacho,14,59,1313,3,2,3,4,2.2,561.0,240.6,273.9,5.19,1.27,4.7,2.7,61,1,2.7
373,Hannibal,14,45,0,0,0,0,0,0.0,0.0,0.0,0.0,0.00,0.00,0.0,0.0,0,1,0.0
374,Heaton,14,39,0,0,0,0,0,0.0,0.0,0.0,0.0,0.00,0.00,0.2,0.0,0,1,0.0
375,Højlund,14,69,1106,2,1,2,4,1.0,171.0,101.4,165.4,2.27,0.79,1.0,2.3,44,1,2.3
376,Lindelof,14,43,59,0,0,0,0,0.0,4.0,18.0,15.5,0.00,0.04,0.1,0.8,4,2,0.8
377,Maguire,14,49,1084,0,0,2,2,2.2,76.0,219.0,66.1,0.61,0.20,0.6,1.4,24,2,1.4
378,Mainoo,14,52,1282,0,0,5,0,1.5,99.0,154.8,211.9,0.60,1.22,1.9,1.8,32,4,1.8
379,Malacia,14,44,99,0,0,0,0,0.2,0.0,5.2,13.9,0.00,0.02,0.0,0.7,2,4,0.7
380,Martinez,14,44,1751,2,1,6,5,4.5,158.0,426.6,153.9,1.33,1.21,3.3,3.4,68,1,3.4
381,McTominay,14,49,17,0,0,0,0,0.0,5.0,3.2,0.3,0.07,0.00,0.1,1.0,2,1,1.0
382,Mount,14,63,243,0,0,1,0,0.0,43.0,20.8,55.2,0.40,0.08,0.1,1.0,8,3,1.0
383,Onana,14,50,2160,0,0,7,5,2.8,0.0,502.6,13.0,0.00,0.19,6.2,3.5,83,3,3.5
384,Pellistri,14,50,0,0,0,0,0,0.0,0.0,0.0,0.0,0.00,0.00,0.0,0.0,0,2,0.0
387,Shaw,14,49,68,0,0,0,0,0.0,0.0,16.6,2.6,0.00,0.01,0.2,1.0,2,1,1.0
389,Zirkzee,14,65,869,3,2,3,6,2.0,246.0,199.0,157.8,3.09,0.83,1.5,2.2,52,3,2.2
572,Yoro,14,43,540,0,0,0,0,1.0,46.0,96.4,10.0,0.70,0.03,0.2,0.9,10,2,0.9
593,De Ligt,14,49,1545,1,0,3,3,1.2,203.0,313.0,59.2,1.79,0.15,3.2,2.2,48,3,2.2
594,Mazraoui,14,43,1832,0,1,5,4,2.8,86.0,373.6,183.4,0.46,1.20,9.2,2.5,61,3,2.5
613,Collyer,14,45,121,0,0,0,0,0.8,2.0,25.8,18.0,0.00,0.02,0.1,1.0,4,3,1.0
648,Wheatley,14,45,0,0,0,0,0,0.0,0.0,0.0,0.0,0.00,0.00,1.3,0.0,0,1,0.0
652,Ugarte,14,49,1073,0,0,2,0,0.8,41.0,170.0,114.9,0.36,0.46,0.1,1.2,21,4,1.2
658,Heaven,14,40,0,0,0,0,0,0.0,0.0,0.0,0.0,0.00,0.00,0.1,0.0,0,1,0.0
667,Fletcher,14,45,0,0,0,0,0,0.0,0.0,0.0,0.0,0.00,0.00,0.0,0.0,0,4,0.0
670,Amass,14,40,0,0,0,0,0,0.0,0.0,0.0,0.0,0.00,0.00,0.0,0.0,0,4,0.0
673,Fitzgerald,14,45,0,0,0,0,0,0.0,0.0,0.0,0.0,0.00,0.00,0.0,0.0,0,2,0.0
691,Kukonki,14,40,0,0,0,0,0,0.0,0.0,0.0,0.0,0.00,0.00,0.0,0.0,0,4,0.0
745,Amorim,14,8,0,0,0,0,0,4.5,0.0,0.0,0.0,0.00,0.00,1.5,0.0,9,2,0.0
761,Harrison,14,40,0,0,0,0,0,0.0,0.0,0.0,0.0,0.00,0.00,0.0,0.0,0,1,0.0
766,Dorgu,14,45,0,0,0,0,0,0.0,0.0,0.0,0.0,0.00,0.00,0.1,0.0,0,4,0.0
390,A.Murphy,15,40,0,0,0,0,0,0.0,0.0,0.0,0.0,0.00,0.00,0.6,0.0,0,4,0.0
391,Almirón,15,54,150,0,0,0,0,0.5,57.0,15.2,40.9,0.52,0.19,0.3,1.1,10,4,1.1
392,Barnes,15,59,773,5,1,1,9,0.0,297.0,255.8,176.2,2.41,2.62,1.0,3.2,65,2,3.2
393,Botman,15,44,225,0,0,1,0,1.5,13.0,41.8,2.6,0.03,0.02,0.1,2.3,7,4,2.3
394,Bruno G.,15,61,2089,2,6,8,6,4.8,209.0,474.6,544.4,2.25,4.07,2.2,3.6,87,4,3.6
395,Burn,15,44,2070,0,0,8,5,2.0,168.0,413.0,44.9,1.10,0.69,7.3,2.9,66,2,2.9
396,Dúbravka,15,43,810,0,0,5,2,4.0,0.0,196.4,0.0,0.00,0.00,3.2,4.8,43,4,4.8
398,Gordon,15,76,1855,6,6,9,9,4.2,600.0,508.2,710.0,7.52,4.34,20.2,4.7,107,2,4.7
399,Hall,15,51,1918,0,5,8,9,3.2,124.0,463.8,487.6,0.43,3.41,25.0,3.8,92,2,3.8
400,Hayden,15,44,0,0,0,0,0,0.0,0.0,0.0,0.0,0.00,0.00,0.1,0.0,0,1,0.0
401,Isak,15,95,1800,17,5,7,28,8.2,905.0,795.8,463.7,14.08,3.11,59.7,6.9,152,2,6.9
402,J.Murphy,15,51,1337,4,8,6,5,4.8,274.0,399.6,383.7,2.59,3.58,4.6,4.2,88,3,4.2
403,Joelinton,15,60,1915,4,1,7,11,1.8,396.0,388.4,317.2,3.43,1.67,1.3,3.3,76,2,3.3
404,Kelly,15,42,299,0,1,0,0,0.2,20.0,80.6,29.0,0.41,0.11,0.1,1.2,12,2,1.2
405,Krafth,15,43,240,0,0,1,0,0.0,11.0,44.2,10.9,0.04,0.03,0.1,3.3,10,1,3.3
406,Kuol,15,44,0,0,0,0,0,0.0,0.0,0.0,0.0,0.00,0.00,0.1,0.0,0,4,0.0
407,Lascelles,15,45,0,0,0,0,0,0.0,0.0,0.0,0.0,0.00,0.00,0.0,0.0,0,4,0.0
408,Lewis,15,40,0,0,0,0,0,0.0,0.0,0.0,0.0,0.00,0.00,0.1,0.0,0,4,0.0
409,Livramento,15,45,1642,0,0,5,2,2.5,49.0,319.8,168.8,0.13,0.54,1.8,2.4,56,4,2.4
410,Longstaff,15,45,712,0,1,2,0,0.2,76.0,92.0,75.5,0.60,0.22,0.4,1.5,27,3,1.5
411,Miley,15,50,32,0,0,0,0,0.8,0.0,8.0,4.4,0.00,0.02,0.0,1.0,5,4,1.0
412,Odysseas,15,43,0,0,0,0,0,0.0,0.0,0.0,0.0,0.00,0.00,0.1,0.0,0,2,0.0
413,Pope,15,49,1350,0,0,3,2,0.0,0.0,392.4,0.0,0.00,0.00,3.2,3.2,48,2,3.2
414,Ruddy,15,39,0,0,0,0,0,0.0,0.0,0.0,0.0,0.00,0.00,0.3,0.0,0,1,0.0
415,Schär,15,54,1692,2,0,6,0,0.8,160.0,421.8,65.4,1.70,0.77,1.6,2.9,58,4,2.9
416,Targett,15,40,12,0,0,0,0,0.0,0.0,2.4,1.0,0.00,0.00,0.3,1.0,1,2,1.0
417,Tonali,15,55,1457,1,1,6,2,3.8,188.0,255.8,191.3,3.15,1.13,0.5,2.2,48,3,2.2
418,Trippier,15,56,532,0,0,2,2,0.5,13.0,87.6,113.8,0.03,0.51,3.3,1.8,25,3,1.8
419,White,15,45,0,0,0,0,0,0.0,0.0,0.0,0.0,0.00,0.00,0.1,0.0,0,3,0.0
420,Willock,15,47,609,0,1,3,0,1.0,110.0,93.6,184.5,0.87,0.67,0.1,1.4,29,2,1.4
421,Wilson,15,69,57,0,0,0,0,0.0,8.0,2.0,1.7,0.00,0.00,0.1,0.8,3,4,0.8
574,Pivas,15,40,0,0,0,0,0,0.0,0.0,0.0,0.0,0.00,0.00,0.1,0.0,0,4,0.0
590,Osula,15,49,44,0,0,0,0,0.8,4.0,5.2,10.4,0.00,0.02,0.2,1.0,9,4,1.0
746,Howe,15,15,0,0,0,0,0,5.0,0.0,0.0,0.0,0.00,0.00,0.4,0.0,10,2,0.0
26,Alex Moreno,16,42,812,0,1,3,1,0.2,27.0,165.8,83.8,0.17,0.82,0.4,2.4,31,2,2.4
422,Aina,16,54,2081,2,1,10,15,3.2,65.0,437.4,173.4,0.56,1.34,29.4,4.5,108,4,4.5
423,Anderson,16,50,1548,1,5,9,5,3.8,201.0,413.2,453.0,1.09,2.80,0.3,3.0,69,3,3.0
424,Awoniyi,16,55,245,1,0,0,0,1.0,113.0,56.0,36.0,2.04,0.11,0.3,1.3,24,1,1.3
425,Boly,16,42,131,0,0,0,0,0.2,17.0,42.8,0.2,0.07,0.00,0.1,1.0,5,1,1.0
426,Bowler,16,45,0,0,0,0,0,0.0,0.0,0.0,0.0,0.00,0.00,0.0,0.0,0,2,0.0
427,C.Miguel,16,41,0,0,0,0,0,0.0,0.0,0.0,0.0,0.00,0.00,0.2,0.0,0,2,0.0
428,Da Silva Moreira,16,44,28,0,0,0,0,0.0,0.0,5.2,0.3,0.00,0.00,0.1,1.0,2,1,1.0
429,Danilo,16,47,78,0,0,1,0,0.8,0.0,6.2,0.7,0.00,0.00,0.0,2.0,4,1,2.0
430,Dennis,16,49,0,0,0,0,0,0.0,0.0,0.0,0.0,0.00,0.00,0.2,0.0,0,1,0.0
431,Dominguez,16,48,1116,0,0,3,0,1.2,131.0,205.8,129.5,1.22,0.89,0.0,1.3,27,1,1.3
432,Elanga,16,53,1455,3,8,8,7,6.0,341.0,379.0,476.6,2.58,3.39,6.5,3.8,92,1,3.8
433,Gibbs-White,16,65,1571,5,6,9,12,6.0,440.0,431.0,490.8,3.39,3.69,4.9,4.8,95,3,4.8
434,Hudson-Odoi,16,52,1525,3,3,8,3,2.0,266.0,300.4,484.5,1.92,1.84,1.0,3.5,70,2,3.5
435,Mighten,16,45,0,0,0,0,0,0.0,0.0,0.0,0.0,0.00,0.00,0.0,0.0,0,3,0.0
436,Murillo,16,47,2028,1,0,9,11,2.2,140.0,579.4,152.4,1.08,0.89,3.7,3.7,86,2,3.7
437,N.Williams,16,44,1328,1,1,7,2,4.0,154.0,315.8,129.6,1.50,0.51,2.2,3.2,67,3,3.2
438,O.Richards,16,45,0,0,0,0,0,0.0,0.0,0.0,0.0,0.00,0.00,0.0,0.0,0,1,0.0
439,O'Brien,16,50,0,0,0,0,0,0.0,0.0,0.0,0.0,0.00,0.00,0.0,0.0,0,4,0.0
440,Omobamidele,16,42,0,0,0,0,0,0.0,0.0,0.0,0.0,0.00,0.00,0.0,0.0,0,2,0.0
441,Panzo,16,40,0,0,0,0,0,0.0,0.0,0.0,0.0,0.00,0.00,0.0,0.0,0,1,0.0
442,Sangaré,16,43,220,0,1,1,0,1.0,21.0,54.0,26.6,0.02,0.06,1.0,2.0,8,2,2.0
443,Sels,16,50,2160,0,1,10,9,3.2,0.0,593.2,0.1,0.00,0.06,17.9,4.5,107,2,4.5
444,Toffolo,16,42,45,0,0,0,0,0.0,6.0,18.2,3.3,0.02,0.01,0.1,1.0,3,3,1.0
446,Ui-jo,16,45,0,0,0,0,0,0.0,0.0,0.0,0.0,0.00,0.00,0.9,0.0,0,2,0.0
447,Wood,16,71,1914,17,2,11,34,10.0,657.0,660.0,176.9,10.17,0.36,43.2,6.4,154,1,6.4
448,Worrall,16,45,0,0,0,0,0,0.0,0.0,0.0,0.0,0.00,0.00,0.0,0.0,0,1,0.0
449,Yates,16,49,1451,1,1,5,3,0.8,194.0,212.4,171.1,1.74,0.40,0.1,2.1,46,2,2.1
573,Milenković,16,48,2070,2,1,10,1,2.2,237.0,425.8,50.1,3.10,0.52,8.3,4.0,92,4,4.0
596,Jota Silva,16,59,694,1,2,1,0,2.2,153.0,144.2,169.5,1.01,1.81,0.1,1.5,35,2,1.5
620,Sosa,16,55,229,1,0,1,0,0.2,94.0,77.2,88.0,1.04,0.30,0.1,1.4,20,2,1.4
653,Morato,16,45,523,0,0,3,2,1.8,5.0,140.2,4.1,0.10,0.01,0.1,1.9,32,4,1.9
706,Abbott,16,40,0,0,0,0,0,0.0,0.0,0.0,0.0,0.00,0.00,0.0,0.0,0,3,0.0
721,Hennessey,16,40,0,0,0,0,0,0.0,0.0,0.0,0.0,0.00,0.00,0.0,0.0,0,3,0.0
747,Nuno,16,11,0,0,0,0,0,7.5,0.0,0.0,0.0,0.00,0.00,1.7,0.0,15,3,0.0
14,Ramsdale,17,44,1440,0,0,2,5,1.8,0.0,492.4,0.0,0.00,0.03,1.2,3.1,49,4,3.1
27,Archer,17,50,1036,2,0,1,4,0.5,274.0,95.6,58.2,4.42,0.53,1.4,1.9,40,1,1.9
188,Ugochukwu,17,44,741,0,1,0,0,2.2,25.0,128.4,85.8,0.33,0.20,0.4,1.4,20,4,1.4
397,Fraser,17,48,303,0,0,0,0,0.2,13.0,35.8,26.8,0.02,0.10,0.0,0.9,7,2,0.9
451,Amo-Ameyaw,17,44,26,0,0,0,0,0.0,6.0,4.0,16.1,0.02,0.13,0.1,0.5,1,3,0.5
452,Aribo,17,49,1460,3,0,1,6,4.0,220.0,289.8,243.5,2.54,1.13,0.1,2.5,57,3,2.5
453,Armstrong,17,51,1246,2,3,2,2,0.8,262.0,154.4,143.7,3.28,0.56,0.9,2.2,45,4,2.2
454,Bazunu,17,43,0,0,0,0,0,0.0,0.0,0.0,0.0,0.00,0.00,0.1,0.0,0,4,0.0
455,Bednarek,17,40,1782,2,0,2,2,4.2,67.0,559.0,63.3,0.65,0.78,3.0,2.2,44,4,2.2
456,Bella-Kotchap,17,39,0,0,0,0,0,0.0,0.0,0.0,0.0,0.00,0.00,0.4,0.0,0,1,0.0
457,Bree,17,39,661,0,1,0,0,2.0,39.0,149.8,139.6,0.09,0.52,0.4,1.3,14,4,1.3
458,Charles,17,45,0,0,0,0,0,0.0,0.0,0.0,0.0,0.00,0.00,0.0,0.0,0,4,0.0
459,Edozie,17,49,64,0,0,0,0,0.0,22.0,9.8,19.0,0.00,0.15,0.0,0.5,1,1,0.5
460,Edwards,17,39,12,0,0,0,0,0.0,0.0,5.0,0.1,0.00,0.00,0.3,1.0,1,4,1.0
461,Harwood-Bellis,17,40,1894,1,0,2,2,1.0,173.0,503.4,167.3,1.55,0.50,6.8,1.7,39,2,1.7
462,Kamaldeen,17,50,298,0,1,0,0,1.8,72.0,35.6,31.3,0.38,0.17,0.0,1.3,16,1,1.3
463,Lallana,17,50,333,0,2,0,1,0.5,21.0,78.0,82.2,0.15,0.48,0.0,1.2,16,3,1.2
464,Larios,17,39,0,0,0,0,0,0.0,0.0,0.0,0.0,0.00,0.00,0.1,0.0,0,2,0.0
465,Lis,17,40,0,0,0,0,0,0.0,0.0,0.0,0.0,0.00,0.00,0.1,0.0,0,1,0.0
466,Lumley,17,40,270,0,0,0,0,0.0,0.0,102.2,0.0,0.00,0.00,0.6,2.7,8,2,2.7
467,Manning,17,43,760,0,1,0,0,0.2,47.0,156.8,240.8,0.14,1.59,0.1,1.2,15,3,1.2
468,Mara,17,50,0,0,0,0,0,0.0,0.0,0.0,0.0,0.00,0.00,0.0,0.0,0,2,0.0
469,McCarthy,17,43,450,0,0,0,0,0.5,0.0,166.4,0.0,0.00,0.00,0.1,2.4,12,1,2.4
470,Onuachu,17,49,538,2,0,0,1,3.8,248.0,111.6,74.0,1.67,0.14,0.3,1.9,26,4,1.9
471,Smallbone,17,50,316,0,0,0,0,1.0,32.0,28.6,59.2,0.31,0.54,0.0,1.2,10,2,1.2
472,Stephens,17,40,803,0,0,1,2,0.2,17.0,127.4,51.6,0.28,0.20,0.4,1.0,11,3,1.0
473,Stewart,17,44,130,0,0,0,0,0.0,9.0,5.8,6.7,0.17,0.02,2.1,0.8,3,4,0.8
474,Sugawara,17,42,1160,1,1,2,0,0.5,79.0,246.6,250.6,0.37,1.81,0.2,1.7,36,2,1.7
475,Taylor,17,39,263,0,0,0,0,0.0,2.0,72.6,26.5,0.00,0.10,4.2,0.7,5,2,0.7
476,Walker-Peters,17,43,1960,0,2,2,3,1.0,180.0,357.4,309.6,0.49,2.03,0.3,1.8,40,2,1.8
477,Wood,17,40,577,0,0,1,2,0.0,14.0,93.6,18.9,0.23,0.04,1.2,1.6,13,4,1.6
515,Cornet,17,47,71,0,0,0,0,0.0,7.0,11.6,3.5,0.16,0.00,0.0,0.5,1,1,0.5
518,Downes,17,47,1431,1,0,2,0,0.0,109.0,199.4,228.7,0.62,1.14,0.0,1.8,32,1,1.8
584,Brereton Díaz,17,48,446,0,0,0,0,0.0,81.0,21.8,63.6,0.90,0.15,0.1,1.3,13,2,1.3
608,Dibling,17,45,1225,2,1,2,4,1.2,227.0,191.2,248.9,2.12,1.10,1.8,2.2,45,2,2.2
623,M.Fernandes,17,50,1740,1,2,4,2,3.0,284.0,320.4,438.0,3.15,2.47,0.1,2.4,52,4,2.4
693,O'Brien-Whitmarsh,17,45,0,0,0,0,0,0.0,0.0,0.0,0.0,0.00,0.00,0.0,0.0,0,1,0.0
718,Welington,17,40,80,0,0,0,0,0.2,2.0,28.6,39.2,0.00,0.13,0.0,1.0,1,2,1.0
719,Kayi Sanda,17,40,0,0,0,0,0,0.0,0.0,0.0,0.0,0.00,0.00,0.0,0.0,0,4,0.0
734,Grønbæk,17,50,69,0,0,0,0,1.0,9.0,12.6,1.1,0.12,0.00,0.0,2.0,2,3,2.0
748,Jurić,17,5,0,0,0,0,0,4.5,0.0,0.0,0.0,0.00,0.00,0.1,0.0,9,1,0.0
82,Solanke,18,74,1598,7,5,3,6,0.0,581.0,396.2,168.4,8.43,1.08,4.7,4.6,83,3,4.6
478,A.Phillips,18,40,0,0,0,0,0,0.0,0.0,0.0,0.0,0.00,0.00,0.2,0.0,0,3,0.0
479,Austin,18,40,90,0,0,0,0,0.0,0.0,20.0,0.0,0.00,0.00,0.5,1.0,1,2,1.0
480,Bentancur,18,49,865,2,0,2,1,1.2,92.0,194.4,118.4,0.87,0.67,0.1,2.3,32,1,2.3
481,Bergvall,18,44,597,0,0,1,0,1.5,23.0,130.6,118.4,0.24,0.50,1.1,1.2,20,3,1.2
482,Bissouma,18,48,1029,2,0,3,4,1.0,44.0,223.8,107.0,0.44,0.42,0.2,2.3,41,1,2.3
483,Bryan,18,50,0,0,0,0,0,0.0,0.0,0.0,0.0,0.00,0.00,0.0,0.0,0,4,0.0
484,Davies,18,43,540,0,0,2,0,2.0,8.0,145.4,9.3,0.07,0.17,0.2,2.6,18,4,2.6
485,Devine,18,45,0,0,0,0,0,0.0,0.0,0.0,0.0,0.00,0.00,0.0,0.0,0,4,0.0
486,Dragusin,18,43,1250,0,0,2,0,0.5,47.0,256.4,58.1,0.13,0.16,0.2,1.5,24,2,1.5
487,E.Royal,18,45,0,0,0,0,0,0.0,0.0,0.0,0.0,0.00,0.00,0.0,0.0,0,4,0.0
488,Forster,18,43,630,0,0,1,0,0.0,0.0,221.0,0.0,0.00,0.00,0.5,2.7,19,3,2.7
489,Gray,18,46,963,0,0,2,0,1.8,11.0,164.8,18.5,0.03,0.09,0.2,1.6,27,4,1.6
490,Højbjerg,18,50,0,0,0,0,0,0.0,0.0,0.0,0.0,0.00,0.00,0.0,0.0,0,1,0.0
491,Johnson,18,62,1490,7,4,2,7,0.2,614.0,380.2,215.7,8.41,1.18,1.9,4.2,89,4,4.2
492,Kulusevski,18,63,1948,6,4,5,7,4.0,625.0,529.8,765.1,3.54,3.81,5.1,4.0,97,3,4.0
493,Lo Celso,18,49,0,0,0,0,0,0.0,0.0,0.0,0.0,0.00,0.00,0.0,0.0,0,1,0.0
494,Maddison,18,74,1293,8,5,4,12,0.8,424.0,534.2,471.4,4.66,4.49,4.1,4.6,102,2,4.6
495,Pedro Porro,18,54,1986,2,5,5,5,3.5,179.0,593.0,582.3,1.50,2.95,20.3,3.5,83,1,3.5
496,Reguilón,18,42,121,0,0,0,0,0.0,11.0,20.8,20.2,0.07,0.24,0.2,0.3,1,1,0.3
497,Richarlison,18,68,275,2,1,1,0,3.2,116.0,119.8,54.8,1.17,0.58,0.4,2.2,20,2,2.2
498,Romero,18,49,974,1,0,2,2,0.0,140.0,249.6,95.1,1.03,0.74,3.5,2.9,35,2,2.9
499,P.M.Sarr,18,48,1247,2,2,2,1,2.2,151.0,288.2,173.3,2.42,0.50,0.2,2.0,49,4,2.0
500,Scarlett,18,44,11,0,0,0,0,0.2,0.0,0.0,1.0,0.00,0.00,0.2,1.0,1,4,1.0
502,Solomon,18,54,0,0,0,0,0,0.0,0.0,0.0,0.0,0.00,0.00,0.0,0.0,0,2,0.0
503,Son,18,98,1583,6,8,3,12,5.5,521.0,516.2,543.8,5.20,3.90,4.7,5.0,104,4,5.0
504,Spence,18,44,680,0,1,2,3,2.8,28.0,177.0,106.9,0.15,0.61,0.1,2.0,22,3,2.0
505,Udogie,18,48,1430,0,1,2,0,0.0,116.0,248.6,211.3,0.31,1.10,1.4,2.1,37,1,2.1
506,Van de Ven,18,45,788,0,2,2,2,0.0,40.0,161.0,36.6,0.35,0.69,2.5,3.1,28,3,3.1
507,Veliz,18,50,0,0,0,0,0,0.0,0.0,0.0,0.0,0.00,0.00,0.0,0.0,0,4,0.0
508,Vicario,18,48,1080,0,0,3,1,0.0,0.0,260.4,0.0,0.00,0.00,1.6,3.1,37,1,3.1
509,Werner,18,62,496,0,3,1,2,0.0,113.0,114.4,147.5,1.04,1.54,0.1,1.9,33,2,1.9
510,Whiteman,18,39,0,0,0,0,0,0.0,0.0,0.0,0.0,0.00,0.00,1.3,0.0,0,4,0.0
609,Lankshear,18,45,10,0,0,0,0,0.2,0.0,0.0,0.0,0.00,0.00,1.4,1.0,3,3,1.0
610,Moore,18,45,180,0,2,0,0,2.2,30.0,23.4,42.7,0.20,0.55,0.2,2.0,14,3,2.0
612,Odobert,18,53,160,0,0,1,0,0.0,42.0,10.0,40.5,0.42,0.08,0.0,2.0,6,1,2.0
683,Olusesi,18,45,0,0,0,0,0,0.0,0.0,0.0,0.0,0.00,0.00,0.0,0.0,0,1,0.0
684,Hardy,18,40,0,0,0,0,0,0.0,0.0,0.0,0.0,0.00,0.00,0.0,0.0,0,3,0.0
689,Williams-Barnett,18,45,0,0,0,0,0,0.0,0.0,0.0,0.0,0.00,0.00,0.0,0.0,0,1,0.0
699,Dorrington,18,40,13,0,0,0,0,0.0,0.0,1.0,0.2,0.00,0.00,0.0,1.0,1,3,1.0
700,King,18,40,0,0,0,0,0,0.0,0.0,0.0,0.0,0.00,0.00,0.0,0.0,0,3,0.0
716,Kinsky,18,45,360,0,0,1,0,3.0,0.0,102.6,10.1,0.00,0.01,0.3,3.0,12,1,3.0
717,Yang,18,45,0,0,0,0,0,0.0,0.0,0.0,0.0,0.00,0.00,0.0,0.0,0,2,0.0
729,Ajayi,18,45,0,0,0,0,0,0.0,0.0,0.0,0.0,0.00,0.00,0.0,0.0,0,2,0.0
749,Postecoglou,18,11,0,0,0,0,0,5.5,0.0,0.0,0.0,0.00,0.00,0.3,0.0,11,3,0.0
760,Cassanova,18,40,0,0,0,0,0,0.0,0.0,0.0,0.0,0.00,0.00,0.0,0.0,0,4,0.0
767,Danso,18,45,0,0,0,0,0,0.0,0.0,0.0,0.0,0.00,0.00,0.0,0.0,0,2,0.0
768,Tel,18,60,0,0,0,0,0,0.0,0.0,0.0,0.0,0.00,0.00,0.1,0.0,0,4,0.0
123,Ferguson,19,55,217,1,0,1,2,0.0,59.0,58.6,36.0,0.57,0.39,0.3,1.6,19,2,1.6
388,Wan-Bissaka,19,45,1984,2,2,3,6,1.2,115.0,479.8,336.8,0.97,1.58,4.3,2.7,63,1,2.7
511,Álvarez,19,50,1228,0,1,1,0,1.8,41.0,206.2,164.1,0.31,0.70,0.1,1.3,25,3,1.3
512,Antonio,19,53,834,1,4,4,3,0.0,194.0,72.0,139.5,2.20,0.91,0.9,3.0,42,4,3.0
513,Areola,19,42,1089,0,0,1,0,1.2,0.0,301.0,0.0,0.00,0.00,3.7,1.8,24,3,1.8
514,Bowen,19,73,1746,6,6,4,10,2.5,663.0,505.8,548.2,4.96,4.75,2.8,5.0,100,3,5.0
516,Coufal,19,41,729,0,0,1,1,1.2,35.0,151.0,104.5,0.27,0.80,0.4,1.2,18,4,1.2
517,Cresswell,19,39,290,0,0,0,0,1.0,5.0,40.2,78.8,0.11,0.50,1.6,0.9,9,1,0.9
519,Earthy,19,45,0,0,0,0,0,0.0,0.0,0.0,0.0,0.00,0.00,0.0,0.0,0,2,0.0
520,Emerson,19,44,1630,2,1,4,2,3.5,147.0,341.2,275.9,1.59,1.88,0.6,2.6,57,4,2.6
521,Fabianski,19,41,1070,0,0,2,2,0.8,0.0,362.2,0.3,0.00,0.00,16.3,2.8,36,3,2.8
522,Foderingham,19,43,0,0,0,0,0,0.0,0.0,0.0,0.0,0.00,0.00,0.1,0.0,0,3,0.0
523,Ings,19,50,264,1,3,0,4,1.8,157.0,96.8,75.7,2.25,0.06,1.3,2.2,31,4,2.2
524,Kilman,19,43,2088,0,1,3,3,1.2,122.0,519.8,134.6,1.44,0.73,1.1,1.9,46,3,1.9
525,Kudus,19,62,1563,3,1,3,4,2.0,499.0,292.4,333.5,4.78,1.79,2.4,3.1,59,1,3.1
526,L.Guilherme,19,46,48,0,0,0,0,0.5,6.0,14.0,34.6,0.03,0.12,0.0,1.0,6,1,1.0
527,L.Paquetá,19,57,1606,4,1,3,5,2.5,219.0,317.6,391.5,4.79,2.00,1.0,2.9,64,1,2.9
528,Mavropanos,19,43,1402,0,0,2,4,0.0,126.0,343.2,59.8,0.96,0.37,0.1,1.5,30,3,1.5
529,N.Aguerd,19,44,0,0,0,0,0,0.0,0.0,0.0,0.0,0.00,0.00,0.0,0.0,0,4,0.0
530,Souček,19,49,1703,5,2,4,8,2.8,373.0,407.6,190.7,3.77,1.16,1.6,3.5,76,1,3.5
531,Ward-Prowse,19,61,412,0,1,1,0,0.0,11.0,65.0,71.5,0.06,0.79,0.5,1.5,15,3,1.5
532,Zouma,19,44,0,0,0,0,0,0.0,0.0,0.0,0.0,0.00,0.00,0.1,0.0,0,4,0.0
576,Irving,19,47,160,0,0,0,0,0.8,17.0,37.0,26.1,0.13,0.12,0.0,0.9,8,2,0.9
587,Summerville,19,55,776,1,1,2,2,0.0,186.0,156.4,246.1,1.61,1.71,0.3,1.7,33,4,1.7
588,G.Rodríguez,19,48,1015,0,0,3,0,1.0,23.0,168.6,62.1,0.22,0.12,0.1,1.5,28,1,1.5
589,Füllkrug,19,67,366,2,1,1,1,0.0,113.0,99.0,84.8,1.38,0.29,0.8,2.4,22,2,2.4
591,Todibo,19,42,863,0,0,2,1,0.0,16.0,194.0,25.2,0.10,0.02,0.2,1.6,24,2,1.6
643,Casey,19,40,1,0,0,0,0,0.0,0.0,2.0,0.0,0.00,0.00,0.2,1.0,1,2,1.0
654,C.Soler,19,50,985,1,1,2,2,3.5,123.0,119.0,195.8,1.21,1.21,0.0,1.8,34,4,1.8
677,Scarles,19,40,111,0,0,0,0,1.0,4.0,22.6,3.2,0.00,0.01,0.0,1.0,6,4,1.0
686,Mayers,19,40,0,0,0,0,0,0.0,0.0,0.0,0.0,0.00,0.00,0.0,0.0,0,4,0.0
701,Orford,19,45,47,0,0,0,0,0.5,6.0,6.4,27.6,0.03,0.04,0.0,1.0,2,4,1.0
750,Potter,19,5,0,0,0,0,0,5.0,0.0,0.0,0.0,0.00,0.00,0.5,0.0,10,2,0.0
204,Johnstone,20,42,630,0,0,0,0,0.0,0.0,193.8,10.0,0.00,0.00,0.3,1.7,12,2,1.7
533,Aït-Nouri,20,47,1956,3,5,3,6,2.8,237.0,486.4,306.4,1.59,1.50,4.9,3.0,68,1,3.0
534,B.Traore,20,48,0,0,0,0,0,0.0,0.0,0.0,0.0,0.00,0.00,0.0,0.0,0,3,0.0
535,Bellegarde,20,49,940,2,2,3,3,3.5,115.0,183.4,177.6,0.82,1.04,0.1,2.2,49,3,2.2
536,Bentley,20,39,0,0,0,0,0,0.0,0.0,0.0,0.0,0.00,0.00,1.6,0.0,0,4,0.0
537,Chiquinho,20,45,6,0,0,0,0,0.0,2.0,3.0,14.3,0.00,0.05,0.1,1.0,1,2,1.0
538,Chirewa,20,45,0,0,0,0,0,0.0,0.0,0.0,0.0,0.00,0.00,0.0,0.0,0,4,0.0
539,Chiwome,20,45,0,0,0,0,0,0.0,0.0,0.0,0.0,0.00,0.00,1.6,0.0,0,2,0.0
540,Cundle,20,45,0,0,0,0,0,0.0,0.0,0.0,0.0,0.00,0.00,0.2,0.0,0,1,0.0
541,Cunha,20,68,1875,11,4,4,27,3.0,625.0,678.6,567.6,5.29,3.95,7.5,5.3,123,3,5.3
542,Dawson,20,43,969,0,1,1,1,0.0,55.0,204.2,31.3,0.50,0.07,0.1,1.1,17,3,1.1
543,Doherty,20,43,1157,2,1,3,2,3.8,119.0,317.8,134.7,1.04,0.68,0.3,2.5,43,2,2.5
544,Doyle,20,48,451,0,1,0,0,0.8,28.0,103.6,99.2,0.48,0.34,0.0,1.2,23,2,1.2
545,Fábio Silva,20,50,0,0,0,0,0,0.0,0.0,0.0,0.0,0.00,0.00,0.1,0.0,0,2,0.0
546,Fraser,20,45,0,0,0,0,0,0.0,0.0,0.0,0.0,0.00,0.00,1.1,0.0,0,3,0.0
547,Gonzalez,20,44,0,0,0,0,0,0.0,0.0,0.0,0.0,0.00,0.00,0.0,0.0,0,3,0.0
548,Guedes,20,53,683,2,4,3,2,1.8,152.0,197.8,150.8,2.18,0.54,0.1,2.5,52,3,2.5
549,H.Bueno,20,45,0,0,0,0,0,0.0,0.0,0.0,0.0,0.00,0.00,0.0,0.0,0,2,0.0
550,Hee Chan,20,61,609,2,1,0,0,1.5,78.0,109.6,69.7,0.79,0.35,0.3,1.9,33,1,1.9
551,Hodge,20,45,0,0,0,0,0,0.0,0.0,0.0,0.0,0.00,0.00,0.2,0.0,0,2,0.0
552,Hoever,20,40,0,0,0,0,0,0.0,0.0,0.0,0.0,0.00,0.00,0.1,0.0,0,3,0.0
553,J.Gomes,20,49,1852,2,1,3,7,1.2,124.0,334.8,270.0,1.60,1.96,0.2,2.6,57,4,2.6
554,José Sá,20,43,1530,0,0,4,1,3.0,0.0,372.0,20.0,0.00,0.01,1.8,2.9,49,1,2.9
555,Kalajdžić,20,48,0,0,0,0,0,0.0,0.0,0.0,0.0,0.00,0.00,0.0,0.0,0,1,0.0
556,King,20,40,0,0,0,0,0,0.0,0.0,0.0,0.0,0.00,0.00,1.3,0.0,0,4,0.0
557,Mario Jr.,20,48,1363,1,3,1,5,0.0,120.0,356.8,166.7,1.30,0.87,0.2,2.8,47,2,2.8
558,Mosquera,20,38,441,0,0,0,0,0.0,21.0,110.2,27.3,0.33,0.03,0.5,0.6,3,2,0.6
559,N.Semedo,20,45,1699,0,3,4,0,2.2,85.0,350.0,240.8,0.58,0.98,0.2,2.2,44,3,2.2
561,Pedro Lima,20,39,58,0,0,0,0,0.0,2.0,16.8,34.2,0.00,0.09,1.4,0.0,0,4,0.0
562,Podence,20,55,46,0,0,0,0,0.0,1.0,3.0,1.1,0.04,0.01,0.0,1.0,2,3,1.0
563,R.Gomes,20,51,560,1,0,1,0,1.2,80.0,131.6,138.3,0.37,0.64,0.1,1.6,28,1,1.6
564,S.Bueno,20,43,1332,0,0,3,0,1.2,80.0,253.2,9.3,0.45,0.08,0.1,1.8,31,3,1.8
565,Sarabia,20,50,423,1,1,1,0,2.5,122.0,99.6,96.4,2.30,0.82,0.1,2.2,21,1,2.2
566,Strand Larsen,20,52,1835,7,2,4,8,1.2,560.0,360.2,195.7,6.14,0.55,1.3,3.7,84,2,3.7
567,Toti,20,43,1353,0,1,4,5,1.8,25.0,298.4,57.6,0.03,0.37,0.2,2.4,41,2,2.4
637,Meupiyou,20,39,0,0,0,0,0,0.0,0.0,0.0,0.0,0.00,0.00,0.2,0.0,0,4,0.0
642,André,20,50,1311,0,0,3,0,2.0,12.0,223.4,125.1,0.07,0.22,0.0,1.7,33,2,1.7
655,Forbs,20,54,235,0,0,0,0,0.0,35.0,25.8,24.1,0.15,0.10,0.0,0.9,8,1,0.9
664,Pond,20,39,1,0,0,0,0,0.0,0.0,0.0,0.0,0.00,0.00,0.9,1.0,1,4,1.0
682,Edozie,20,45,0,0,0,0,0,0.0,0.0,0.0,0.0,0.00,0.00,0.0,0.0,0,1,0.0
711,Okoduwa,20,40,0,0,0,0,0,0.0,0.0,0.0,0.0,0.00,0.00,0.0,0.0,0,1,0.0
720,Agbadou,20,40,360,0,0,1,0,2.2,1.0,95.0,3.6,0.02,0.02,0.1,2.2,9,2,2.2
751,Pereira,20,8,0,0,0,0,0,10.0,0.0,0.0,0.0,0.00,0.00,0.2,0.0,20,4,0.0
769,Djiga,20,45,0,0,0,0,0,0.0,0.0,0.0,0.0,0.00,0.00,0.0,0.0,0,4,0.0
770,Munetsi,20,50,0,0,0,0,0,0.0,0.0,0.0,0.0,0.00,0.00,0.0,0.0,0,3,0.0
